sequence,data_size_bytes,bit_error_rate,delay_ms,transmission_rate_mbps,description
1,1000,6e-06,300,1.0,1KB+中等偏下(6e-6)+低延时300ms+极低速1.0Mbps
2,1000000,8e-06,500,5.0,1MB+较差偏上(8e-6)+中延时500ms+中速5.0Mbps
3,10000000,6e-06,500,5.0,10MB+中等偏下(6e-6)+中延时500ms+中速5.0Mbps
4,5000000,1e-06,500,5.0,5MB+良好网络(1e-6)+中延时500ms+中速5.0Mbps
5,10000000,6e-06,2000,2.0,10MB+中等偏下(6e-6)+超高延时2000ms+低速2.0Mbps
6,1000,1e-06,800,3.0,1KB+良好网络(1e-6)+中延时800ms+低速3.0Mbps
7,1000000,6e-06,500,5.0,1MB+中等偏下(6e-6)+中延时500ms+中速5.0Mbps
8,1000000,1e-05,800,8.0,1MB+较差网络(1e-5)+中延时800ms+高速8.0Mbps
9,1000,4e-06,2000,10.0,1KB+中等偏上(4e-6)+超高延时2000ms+高速10.0Mbps
10,10000000,8e-06,1000,2.0,10MB+较差偏上(8e-6)+高延时1000ms+低速2.0Mbps
11,50000000,1e-05,1000,2.0,50MB+较差网络(1e-5)+高延时1000ms+低速2.0Mbps
12,1000000,5e-07,800,1.0,1MB+优良网络(5e-7)+中延时800ms+极低速1.0Mbps
13,10000000,4e-06,500,2.0,10MB+中等偏上(4e-6)+中延时500ms+低速2.0Mbps
14,5000000,6e-06,200,2.0,5MB+中等偏下(6e-6)+低延时200ms+低速2.0Mbps
15,10000,6e-06,1000,1.0,10KB+中等偏下(6e-6)+高延时1000ms+极低速1.0Mbps
16,1000000,6e-06,1000,2.0,1MB+中等偏下(6e-6)+高延时1000ms+低速2.0Mbps
17,100000,1e-05,200,5.0,100KB+较差网络(1e-5)+低延时200ms+中速5.0Mbps
18,10000000,4e-06,200,5.0,10MB+中等偏上(4e-6)+低延时200ms+中速5.0Mbps
19,1000,6e-06,1000,0.5,1KB+中等偏下(6e-6)+高延时1000ms+极低速0.5Mbps
20,10000000,4e-06,500,5.0,10MB+中等偏上(4e-6)+中延时500ms+中速5.0Mbps
21,1000000,1e-06,2000,0.5,1MB+良好网络(1e-6)+超高延时2000ms+极低速0.5Mbps
22,100000,8e-06,1000,1.0,100KB+较差偏上(8e-6)+高延时1000ms+极低速1.0Mbps
23,1000,6e-06,200,1.0,1KB+中等偏下(6e-6)+低延时200ms+极低速1.0Mbps
24,1000,1e-06,800,10.0,1KB+良好网络(1e-6)+中延时800ms+高速10.0Mbps
25,10000000,1e-07,800,1.0,10MB+极佳网络(1e-7)+中延时800ms+极低速1.0Mbps
26,10000000,1e-05,1000,0.5,10MB+较差网络(1e-5)+高延时1000ms+极低速0.5Mbps
27,1000000,1e-07,1000,3.0,1MB+极佳网络(1e-7)+高延时1000ms+低速3.0Mbps
28,1000,1e-06,500,3.0,1KB+良好网络(1e-6)+中延时500ms+低速3.0Mbps
29,1000000,1e-05,2000,1.0,1MB+较差网络(1e-5)+超高延时2000ms+极低速1.0Mbps
30,5000000,4e-06,200,1.0,5MB+中等偏上(4e-6)+低延时200ms+极低速1.0Mbps
31,1000000,8e-06,500,8.0,1MB+较差偏上(8e-6)+中延时500ms+高速8.0Mbps
32,1000000,1e-07,200,10.0,1MB+极佳网络(1e-7)+低延时200ms+高速10.0Mbps
33,10000000,1e-06,2000,3.0,10MB+良好网络(1e-6)+超高延时2000ms+低速3.0Mbps
34,1000000,8e-06,200,1.0,1MB+较差偏上(8e-6)+低延时200ms+极低速1.0Mbps
35,10000,6e-06,2000,1.0,10KB+中等偏下(6e-6)+超高延时2000ms+极低速1.0Mbps
36,5000000,6e-06,200,3.0,5MB+中等偏下(6e-6)+低延时200ms+低速3.0Mbps
37,10000,1e-05,200,1.0,10KB+较差网络(1e-5)+低延时200ms+极低速1.0Mbps
38,10000000,5e-07,500,3.0,10MB+优良网络(5e-7)+中延时500ms+低速3.0Mbps
39,10000000,1e-06,1000,5.0,10MB+良好网络(1e-6)+高延时1000ms+中速5.0Mbps
40,1000,5e-07,500,8.0,1KB+优良网络(5e-7)+中延时500ms+高速8.0Mbps
41,1000000,1e-06,200,1.0,1MB+良好网络(1e-6)+低延时200ms+极低速1.0Mbps
42,1000000,1e-05,500,5.0,1MB+较差网络(1e-5)+中延时500ms+中速5.0Mbps
43,10000000,6e-06,200,5.0,10MB+中等偏下(6e-6)+低延时200ms+中速5.0Mbps
44,1000,1e-06,1000,0.5,1KB+良好网络(1e-6)+高延时1000ms+极低速0.5Mbps
45,1000000,1e-05,200,10.0,1MB+较差网络(1e-5)+低延时200ms+高速10.0Mbps
46,1000000,1e-06,300,1.0,1MB+良好网络(1e-6)+低延时300ms+极低速1.0Mbps
47,1000000,1e-06,500,2.0,1MB+良好网络(1e-6)+中延时500ms+低速2.0Mbps
48,1000000,6e-06,500,3.0,1MB+中等偏下(6e-6)+中延时500ms+低速3.0Mbps
49,10000000,5e-07,200,8.0,10MB+优良网络(5e-7)+低延时200ms+高速8.0Mbps
50,5000000,6e-06,200,1.0,5MB+中等偏下(6e-6)+低延时200ms+极低速1.0Mbps
51,1000000,5e-07,500,10.0,1MB+优良网络(5e-7)+中延时500ms+高速10.0Mbps
52,10000000,6e-06,2000,1.0,10MB+中等偏下(6e-6)+超高延时2000ms+极低速1.0Mbps
53,1000000,1e-06,200,1.0,1MB+良好网络(1e-6)+低延时200ms+极低速1.0Mbps
54,1000000,6e-06,500,1.0,1MB+中等偏下(6e-6)+中延时500ms+极低速1.0Mbps
55,5000000,1e-06,2000,2.0,5MB+良好网络(1e-6)+超高延时2000ms+低速2.0Mbps
56,100000,1e-06,200,8.0,100KB+良好网络(1e-6)+低延时200ms+高速8.0Mbps
57,1000000,6e-06,2000,3.0,1MB+中等偏下(6e-6)+超高延时2000ms+低速3.0Mbps
58,1000,1e-06,500,8.0,1KB+良好网络(1e-6)+中延时500ms+高速8.0Mbps
59,10000,6e-06,500,1.0,10KB+中等偏下(6e-6)+中延时500ms+极低速1.0Mbps
60,1000000,6e-06,1000,8.0,1MB+中等偏下(6e-6)+高延时1000ms+高速8.0Mbps
61,100000,1e-05,500,2.0,100KB+较差网络(1e-5)+中延时500ms+低速2.0Mbps
62,10000000,1e-07,200,8.0,10MB+极佳网络(1e-7)+低延时200ms+高速8.0Mbps
63,500000,8e-06,500,1.0,500KB+较差偏上(8e-6)+中延时500ms+极低速1.0Mbps
64,1000000,1e-06,500,1.0,1MB+良好网络(1e-6)+中延时500ms+极低速1.0Mbps
65,1000000,8e-06,1000,1.0,1MB+较差偏上(8e-6)+高延时1000ms+极低速1.0Mbps
66,10000000,6e-06,200,2.0,10MB+中等偏下(6e-6)+低延时200ms+低速2.0Mbps
67,50000000,8e-06,500,1.0,50MB+较差偏上(8e-6)+中延时500ms+极低速1.0Mbps
68,1000,1e-07,1000,2.0,1KB+极佳网络(1e-7)+高延时1000ms+低速2.0Mbps
69,1000000,1e-07,1000,2.0,1MB+极佳网络(1e-7)+高延时1000ms+低速2.0Mbps
70,10000000,8e-06,2000,5.0,10MB+较差偏上(8e-6)+超高延时2000ms+中速5.0Mbps
71,1000000,1e-05,1000,8.0,1MB+较差网络(1e-5)+高延时1000ms+高速8.0Mbps
72,1000000,5e-07,500,2.0,1MB+优良网络(5e-7)+中延时500ms+低速2.0Mbps
73,1000,5e-07,500,10.0,1KB+优良网络(5e-7)+中延时500ms+高速10.0Mbps
74,1000,1e-05,200,1.0,1KB+较差网络(1e-5)+低延时200ms+极低速1.0Mbps
75,1000000,1e-05,500,1.0,1MB+较差网络(1e-5)+中延时500ms+极低速1.0Mbps
76,50000000,6e-06,500,5.0,50MB+中等偏下(6e-6)+中延时500ms+中速5.0Mbps
77,1000000,1e-07,500,2.0,1MB+极佳网络(1e-7)+中延时500ms+低速2.0Mbps
78,1000,1e-05,1000,8.0,1KB+较差网络(1e-5)+高延时1000ms+高速8.0Mbps
79,10000000,6e-06,200,1.0,10MB+中等偏下(6e-6)+低延时200ms+极低速1.0Mbps
80,1000000,8e-06,1000,8.0,1MB+较差偏上(8e-6)+高延时1000ms+高速8.0Mbps
81,10000000,6e-06,500,0.5,10MB+中等偏下(6e-6)+中延时500ms+极低速0.5Mbps
82,1000,1e-07,500,1.0,1KB+极佳网络(1e-7)+中延时500ms+极低速1.0Mbps
83,1000000,6e-06,800,2.0,1MB+中等偏下(6e-6)+中延时800ms+低速2.0Mbps
84,1000,6e-06,200,1.0,1KB+中等偏下(6e-6)+低延时200ms+极低速1.0Mbps
85,1000000,1e-06,200,1.0,1MB+良好网络(1e-6)+低延时200ms+极低速1.0Mbps
86,1000,5e-07,800,1.0,1KB+优良网络(5e-7)+中延时800ms+极低速1.0Mbps
87,1000000,6e-06,200,2.0,1MB+中等偏下(6e-6)+低延时200ms+低速2.0Mbps
88,5000000,4e-06,2000,1.0,5MB+中等偏上(4e-6)+超高延时2000ms+极低速1.0Mbps
89,5000000,8e-06,1000,1.0,5MB+较差偏上(8e-6)+高延时1000ms+极低速1.0Mbps
90,5000000,6e-06,1000,2.0,5MB+中等偏下(6e-6)+高延时1000ms+低速2.0Mbps
91,10000000,1e-06,2000,8.0,10MB+良好网络(1e-6)+超高延时2000ms+高速8.0Mbps
92,10000000,1e-05,2000,1.0,10MB+较差网络(1e-5)+超高延时2000ms+极低速1.0Mbps
93,5000000,8e-06,500,1.0,5MB+较差偏上(8e-6)+中延时500ms+极低速1.0Mbps
94,500000,5e-07,200,1.0,500KB+优良网络(5e-7)+低延时200ms+极低速1.0Mbps
95,1000,1e-05,2000,0.5,1KB+较差网络(1e-5)+超高延时2000ms+极低速0.5Mbps
96,1000000,6e-06,500,8.0,1MB+中等偏下(6e-6)+中延时500ms+高速8.0Mbps
97,1000,1e-05,800,8.0,1KB+较差网络(1e-5)+中延时800ms+高速8.0Mbps
98,10000000,1e-06,500,5.0,10MB+良好网络(1e-6)+中延时500ms+中速5.0Mbps
99,50000000,8e-06,200,1.0,50MB+较差偏上(8e-6)+低延时200ms+极低速1.0Mbps
100,100000000,6e-06,200,1.0,100MB+中等偏下(6e-6)+低延时200ms+极低速1.0Mbps
101,1000,5e-07,500,3.0,1KB+优良网络(5e-7)+中延时500ms+低速3.0Mbps
102,10000000,1e-05,1500,1.0,10MB+较差网络(1e-5)+高延时1500ms+极低速1.0Mbps
103,1000,1e-06,2000,2.0,1KB+良好网络(1e-6)+超高延时2000ms+低速2.0Mbps
104,1000,1e-07,2000,1.0,1KB+极佳网络(1e-7)+超高延时2000ms+极低速1.0Mbps
105,500000,1e-06,1000,1.0,500KB+良好网络(1e-6)+高延时1000ms+极低速1.0Mbps
106,50000000,4e-06,200,1.0,50MB+中等偏上(4e-6)+低延时200ms+极低速1.0Mbps
107,1000,4e-06,500,1.0,1KB+中等偏上(4e-6)+中延时500ms+极低速1.0Mbps
108,1000,1e-05,500,1.0,1KB+较差网络(1e-5)+中延时500ms+极低速1.0Mbps
109,1000,1e-07,500,2.0,1KB+极佳网络(1e-7)+中延时500ms+低速2.0Mbps
110,5000000,1e-05,2000,5.0,5MB+较差网络(1e-5)+超高延时2000ms+中速5.0Mbps
111,500000,1e-06,200,10.0,500KB+良好网络(1e-6)+低延时200ms+高速10.0Mbps
112,5000000,1e-06,500,3.0,5MB+良好网络(1e-6)+中延时500ms+低速3.0Mbps
113,1000000,6e-06,2000,5.0,1MB+中等偏下(6e-6)+超高延时2000ms+中速5.0Mbps
114,1000000,6e-06,1000,5.0,1MB+中等偏下(6e-6)+高延时1000ms+中速5.0Mbps
115,100000,6e-06,200,5.0,100KB+中等偏下(6e-6)+低延时200ms+中速5.0Mbps
116,1000,5e-07,200,3.0,1KB+优良网络(5e-7)+低延时200ms+低速3.0Mbps
117,500000,6e-06,1000,5.0,500KB+中等偏下(6e-6)+高延时1000ms+中速5.0Mbps
118,10000000,1e-06,300,1.0,10MB+良好网络(1e-6)+低延时300ms+极低速1.0Mbps
119,1000,1e-05,500,1.0,1KB+较差网络(1e-5)+中延时500ms+极低速1.0Mbps
120,100000,1e-05,500,1.0,100KB+较差网络(1e-5)+中延时500ms+极低速1.0Mbps
121,10000000,1e-07,500,10.0,10MB+极佳网络(1e-7)+中延时500ms+高速10.0Mbps
122,5000000,1e-05,1000,2.0,5MB+较差网络(1e-5)+高延时1000ms+低速2.0Mbps
123,10000000,5e-07,1000,5.0,10MB+优良网络(5e-7)+高延时1000ms+中速5.0Mbps
124,5000000,1e-06,1000,1.0,5MB+良好网络(1e-6)+高延时1000ms+极低速1.0Mbps
125,1000,1e-06,2000,5.0,1KB+良好网络(1e-6)+超高延时2000ms+中速5.0Mbps
126,1000000,5e-07,500,3.0,1MB+优良网络(5e-7)+中延时500ms+低速3.0Mbps
127,1000,1e-06,1200,1.0,1KB+良好网络(1e-6)+高延时1200ms+极低速1.0Mbps
128,1000,5e-07,200,1.0,1KB+优良网络(5e-7)+低延时200ms+极低速1.0Mbps
129,100000000,1e-06,200,1.0,100MB+良好网络(1e-6)+低延时200ms+极低速1.0Mbps
130,1000,1e-05,800,3.0,1KB+较差网络(1e-5)+中延时800ms+低速3.0Mbps
131,10000000,1e-05,200,1.0,10MB+较差网络(1e-5)+低延时200ms+极低速1.0Mbps
132,10000000,1e-05,1000,3.0,10MB+较差网络(1e-5)+高延时1000ms+低速3.0Mbps
133,1000,5e-07,1000,3.0,1KB+优良网络(5e-7)+高延时1000ms+低速3.0Mbps
134,1000000,1e-05,500,2.0,1MB+较差网络(1e-5)+中延时500ms+低速2.0Mbps
135,1000000,6e-06,2000,1.0,1MB+中等偏下(6e-6)+超高延时2000ms+极低速1.0Mbps
136,10000000,1e-07,1000,5.0,10MB+极佳网络(1e-7)+高延时1000ms+中速5.0Mbps
137,1000,4e-06,1000,10.0,1KB+中等偏上(4e-6)+高延时1000ms+高速10.0Mbps
138,1000,1e-05,200,1.0,1KB+较差网络(1e-5)+低延时200ms+极低速1.0Mbps
139,1000,1e-07,500,3.0,1KB+极佳网络(1e-7)+中延时500ms+低速3.0Mbps
140,10000000,5e-07,500,8.0,10MB+优良网络(5e-7)+中延时500ms+高速8.0Mbps
141,5000000,1e-06,1000,3.0,5MB+良好网络(1e-6)+高延时1000ms+低速3.0Mbps
142,100000,1e-06,1000,2.0,100KB+良好网络(1e-6)+高延时1000ms+低速2.0Mbps
143,10000000,5e-07,800,1.0,10MB+优良网络(5e-7)+中延时800ms+极低速1.0Mbps
144,1000,5e-07,200,8.0,1KB+优良网络(5e-7)+低延时200ms+高速8.0Mbps
145,1000000,6e-06,2000,1.0,1MB+中等偏下(6e-6)+超高延时2000ms+极低速1.0Mbps
146,1000000,1e-06,2000,3.0,1MB+良好网络(1e-6)+超高延时2000ms+低速3.0Mbps
147,1000,1e-05,2000,8.0,1KB+较差网络(1e-5)+超高延时2000ms+高速8.0Mbps
148,10000000,1e-05,500,1.0,10MB+较差网络(1e-5)+中延时500ms+极低速1.0Mbps
149,5000000,6e-06,200,5.0,5MB+中等偏下(6e-6)+低延时200ms+中速5.0Mbps
150,1000000,1e-06,500,1.0,1MB+良好网络(1e-6)+中延时500ms+极低速1.0Mbps
151,1000,6e-06,2000,0.5,1KB+中等偏下(6e-6)+超高延时2000ms+极低速0.5Mbps
152,10000000,1e-06,1000,3.0,10MB+良好网络(1e-6)+高延时1000ms+低速3.0Mbps
153,10000000,1e-05,1200,1.0,10MB+较差网络(1e-5)+高延时1200ms+极低速1.0Mbps
154,100000000,1e-06,500,1.0,100MB+良好网络(1e-6)+中延时500ms+极低速1.0Mbps
155,100000,6e-06,200,1.0,100KB+中等偏下(6e-6)+低延时200ms+极低速1.0Mbps
156,10000000,1e-07,200,1.0,10MB+极佳网络(1e-7)+低延时200ms+极低速1.0Mbps
157,1000,1e-06,1000,1.0,1KB+良好网络(1e-6)+高延时1000ms+极低速1.0Mbps
158,10000000,1e-06,500,2.0,10MB+良好网络(1e-6)+中延时500ms+低速2.0Mbps
159,5000000,1e-06,500,2.0,5MB+良好网络(1e-6)+中延时500ms+低速2.0Mbps
160,5000000,6e-06,1000,8.0,5MB+中等偏下(6e-6)+高延时1000ms+高速8.0Mbps
161,10000000,6e-06,200,8.0,10MB+中等偏下(6e-6)+低延时200ms+高速8.0Mbps
162,500000,6e-06,200,5.0,500KB+中等偏下(6e-6)+低延时200ms+中速5.0Mbps
163,1000000,5e-07,200,10.0,1MB+优良网络(5e-7)+低延时200ms+高速10.0Mbps
164,1000,1e-07,1000,3.0,1KB+极佳网络(1e-7)+高延时1000ms+低速3.0Mbps
165,1000000,4e-06,500,8.0,1MB+中等偏上(4e-6)+中延时500ms+高速8.0Mbps
166,10000,1e-06,2000,1.0,10KB+良好网络(1e-6)+超高延时2000ms+极低速1.0Mbps
167,1000000,6e-06,1000,1.0,1MB+中等偏下(6e-6)+高延时1000ms+极低速1.0Mbps
168,1000000,4e-06,1000,3.0,1MB+中等偏上(4e-6)+高延时1000ms+低速3.0Mbps
169,1000,8e-06,200,2.0,1KB+较差偏上(8e-6)+低延时200ms+低速2.0Mbps
170,50000000,1e-06,200,1.0,50MB+良好网络(1e-6)+低延时200ms+极低速1.0Mbps
171,10000000,6e-06,2000,1.0,10MB+中等偏下(6e-6)+超高延时2000ms+极低速1.0Mbps
172,10000000,1e-06,500,1.0,10MB+良好网络(1e-6)+中延时500ms+极低速1.0Mbps
173,10000000,6e-06,500,1.0,10MB+中等偏下(6e-6)+中延时500ms+极低速1.0Mbps
174,1000,1e-05,500,10.0,1KB+较差网络(1e-5)+中延时500ms+高速10.0Mbps
175,10000000,1e-06,500,1.0,10MB+良好网络(1e-6)+中延时500ms+极低速1.0Mbps
176,1000000,6e-06,200,5.0,1MB+中等偏下(6e-6)+低延时200ms+中速5.0Mbps
177,10000000,1e-06,500,0.5,10MB+良好网络(1e-6)+中延时500ms+极低速0.5Mbps
178,1000,4e-06,500,10.0,1KB+中等偏上(4e-6)+中延时500ms+高速10.0Mbps
179,5000000,6e-06,1000,3.0,5MB+中等偏下(6e-6)+高延时1000ms+低速3.0Mbps
180,1000000,5e-07,1000,5.0,1MB+优良网络(5e-7)+高延时1000ms+中速5.0Mbps
181,1000000,1e-05,300,1.0,1MB+较差网络(1e-5)+低延时300ms+极低速1.0Mbps
182,100000,1e-06,200,3.0,100KB+良好网络(1e-6)+低延时200ms+低速3.0Mbps
183,10000000,1e-06,800,3.0,10MB+良好网络(1e-6)+中延时800ms+低速3.0Mbps
184,1000000,1e-06,200,5.0,1MB+良好网络(1e-6)+低延时200ms+中速5.0Mbps
185,1000000,1e-05,4000,1.0,1MB+较差网络(1e-5)+超高延时4000ms+极低速1.0Mbps
186,500000,1e-06,500,8.0,500KB+良好网络(1e-6)+中延时500ms+高速8.0Mbps
187,1000,1e-05,2000,1.0,1KB+较差网络(1e-5)+超高延时2000ms+极低速1.0Mbps
188,1000,1e-07,200,3.0,1KB+极佳网络(1e-7)+低延时200ms+低速3.0Mbps
189,50000000,6e-06,500,2.0,50MB+中等偏下(6e-6)+中延时500ms+低速2.0Mbps
190,1000000,4e-06,1000,5.0,1MB+中等偏上(4e-6)+高延时1000ms+中速5.0Mbps
191,10000000,1e-06,2000,2.0,10MB+良好网络(1e-6)+超高延时2000ms+低速2.0Mbps
192,500000,6e-06,500,2.0,500KB+中等偏下(6e-6)+中延时500ms+低速2.0Mbps
193,100000,6e-06,200,2.0,100KB+中等偏下(6e-6)+低延时200ms+低速2.0Mbps
194,1000000,1e-05,200,1.0,1MB+较差网络(1e-5)+低延时200ms+极低速1.0Mbps
195,1000,8e-06,500,10.0,1KB+较差偏上(8e-6)+中延时500ms+高速10.0Mbps
196,1000,1e-06,200,0.5,1KB+良好网络(1e-6)+低延时200ms+极低速0.5Mbps
197,1000000,1e-06,200,1.0,1MB+良好网络(1e-6)+低延时200ms+极低速1.0Mbps
198,5000000,1e-06,800,1.0,5MB+良好网络(1e-6)+中延时800ms+极低速1.0Mbps
199,100000,4e-06,500,1.0,100KB+中等偏上(4e-6)+中延时500ms+极低速1.0Mbps
200,1000,6e-06,500,5.0,1KB+中等偏下(6e-6)+中延时500ms+中速5.0Mbps
201,1000000,6e-06,200,1.0,1MB+中等偏下(6e-6)+低延时200ms+极低速1.0Mbps
202,1000000,6e-06,800,8.0,1MB+中等偏下(6e-6)+中延时800ms+高速8.0Mbps
203,1000,6e-06,3000,1.0,1KB+中等偏下(6e-6)+超高延时3000ms+极低速1.0Mbps
204,10000000,1e-07,500,2.0,10MB+极佳网络(1e-7)+中延时500ms+低速2.0Mbps
205,1000,1e-06,500,1.0,1KB+良好网络(1e-6)+中延时500ms+极低速1.0Mbps
206,10000000,1e-06,500,3.0,10MB+良好网络(1e-6)+中延时500ms+低速3.0Mbps
207,1000,4e-06,800,1.0,1KB+中等偏上(4e-6)+中延时800ms+极低速1.0Mbps
208,1000,6e-06,500,3.0,1KB+中等偏下(6e-6)+中延时500ms+低速3.0Mbps
209,1000000,1e-06,1000,5.0,1MB+良好网络(1e-6)+高延时1000ms+中速5.0Mbps
210,10000000,1e-05,2000,2.0,10MB+较差网络(1e-5)+超高延时2000ms+低速2.0Mbps
211,500000,1e-06,200,2.0,500KB+良好网络(1e-6)+低延时200ms+低速2.0Mbps
212,10000000,1e-06,1000,1.0,10MB+良好网络(1e-6)+高延时1000ms+极低速1.0Mbps
213,1000000,1e-06,800,1.0,1MB+良好网络(1e-6)+中延时800ms+极低速1.0Mbps
214,50000000,1e-06,1000,1.0,50MB+良好网络(1e-6)+高延时1000ms+极低速1.0Mbps
215,1000000,6e-06,200,10.0,1MB+中等偏下(6e-6)+低延时200ms+高速10.0Mbps
216,5000000,5e-07,500,1.0,5MB+优良网络(5e-7)+中延时500ms+极低速1.0Mbps
217,10000000,1e-06,2000,1.0,10MB+良好网络(1e-6)+超高延时2000ms+极低速1.0Mbps
218,500000,4e-06,500,1.0,500KB+中等偏上(4e-6)+中延时500ms+极低速1.0Mbps
219,1000,8e-06,2000,2.0,1KB+较差偏上(8e-6)+超高延时2000ms+低速2.0Mbps
220,50000000,1e-07,500,1.0,50MB+极佳网络(1e-7)+中延时500ms+极低速1.0Mbps
221,1000,1e-05,1500,1.0,1KB+较差网络(1e-5)+高延时1500ms+极低速1.0Mbps
222,1000,6e-06,1000,3.0,1KB+中等偏下(6e-6)+高延时1000ms+低速3.0Mbps
223,1000,1e-05,500,1.0,1KB+较差网络(1e-5)+中延时500ms+极低速1.0Mbps
224,1000,1e-05,200,10.0,1KB+较差网络(1e-5)+低延时200ms+高速10.0Mbps
225,10000000,6e-06,4000,1.0,10MB+中等偏下(6e-6)+超高延时4000ms+极低速1.0Mbps
226,500000,4e-06,200,1.0,500KB+中等偏上(4e-6)+低延时200ms+极低速1.0Mbps
227,50000000,1e-05,200,2.0,50MB+较差网络(1e-5)+低延时200ms+低速2.0Mbps
228,1000,6e-06,200,5.0,1KB+中等偏下(6e-6)+低延时200ms+中速5.0Mbps
229,1000000,1e-07,1000,5.0,1MB+极佳网络(1e-7)+高延时1000ms+中速5.0Mbps
230,1000000,1e-05,1200,1.0,1MB+较差网络(1e-5)+高延时1200ms+极低速1.0Mbps
231,5000000,1e-06,1000,10.0,5MB+良好网络(1e-6)+高延时1000ms+高速10.0Mbps
232,50000000,6e-06,200,1.0,50MB+中等偏下(6e-6)+低延时200ms+极低速1.0Mbps
233,1000,1e-07,1000,10.0,1KB+极佳网络(1e-7)+高延时1000ms+高速10.0Mbps
234,1000000,1e-06,1200,1.0,1MB+良好网络(1e-6)+高延时1200ms+极低速1.0Mbps
235,100000,1e-06,500,8.0,100KB+良好网络(1e-6)+中延时500ms+高速8.0Mbps
236,1000,1e-06,500,1.0,1KB+良好网络(1e-6)+中延时500ms+极低速1.0Mbps
237,1000,1e-06,200,5.0,1KB+良好网络(1e-6)+低延时200ms+中速5.0Mbps
238,5000000,1e-05,1000,3.0,5MB+较差网络(1e-5)+高延时1000ms+低速3.0Mbps
239,50000000,6e-06,2000,1.0,50MB+中等偏下(6e-6)+超高延时2000ms+极低速1.0Mbps
240,1000,5e-07,1000,2.0,1KB+优良网络(5e-7)+高延时1000ms+低速2.0Mbps
241,10000000,1e-05,200,1.0,10MB+较差网络(1e-5)+低延时200ms+极低速1.0Mbps
242,100000000,6e-06,1000,1.0,100MB+中等偏下(6e-6)+高延时1000ms+极低速1.0Mbps
243,1000000,6e-06,800,10.0,1MB+中等偏下(6e-6)+中延时800ms+高速10.0Mbps
244,1000000,1e-05,1000,2.0,1MB+较差网络(1e-5)+高延时1000ms+低速2.0Mbps
245,10000000,6e-06,1000,1.0,10MB+中等偏下(6e-6)+高延时1000ms+极低速1.0Mbps
246,10000000,8e-06,1000,10.0,10MB+较差偏上(8e-6)+高延时1000ms+高速10.0Mbps
247,1000000,5e-07,1000,3.0,1MB+优良网络(5e-7)+高延时1000ms+低速3.0Mbps
248,5000000,1e-05,1000,8.0,5MB+较差网络(1e-5)+高延时1000ms+高速8.0Mbps
249,10000000,1e-05,500,1.0,10MB+较差网络(1e-5)+中延时500ms+极低速1.0Mbps
250,1000,1e-05,300,1.0,1KB+较差网络(1e-5)+低延时300ms+极低速1.0Mbps
251,5000000,1e-05,1000,5.0,5MB+较差网络(1e-5)+高延时1000ms+中速5.0Mbps
252,1000,6e-06,200,0.5,1KB+中等偏下(6e-6)+低延时200ms+极低速0.5Mbps
253,500000,1e-05,200,5.0,500KB+较差网络(1e-5)+低延时200ms+中速5.0Mbps
254,10000000,5e-07,500,5.0,10MB+优良网络(5e-7)+中延时500ms+中速5.0Mbps
255,10000,1e-06,200,1.0,10KB+良好网络(1e-6)+低延时200ms+极低速1.0Mbps
256,1000000,4e-06,200,2.0,1MB+中等偏上(4e-6)+低延时200ms+低速2.0Mbps
257,1000,6e-06,800,2.0,1KB+中等偏下(6e-6)+中延时800ms+低速2.0Mbps
258,1000000,1e-06,200,8.0,1MB+良好网络(1e-6)+低延时200ms+高速8.0Mbps
259,1000,5e-07,2000,1.0,1KB+优良网络(5e-7)+超高延时2000ms+极低速1.0Mbps
260,10000000,1e-06,200,5.0,10MB+良好网络(1e-6)+低延时200ms+中速5.0Mbps
261,1000,6e-06,1500,1.0,1KB+中等偏下(6e-6)+高延时1500ms+极低速1.0Mbps
262,100000,4e-06,1000,1.0,100KB+中等偏上(4e-6)+高延时1000ms+极低速1.0Mbps
263,1000,1e-05,1000,5.0,1KB+较差网络(1e-5)+高延时1000ms+中速5.0Mbps
264,1000,8e-06,1000,10.0,1KB+较差偏上(8e-6)+高延时1000ms+高速10.0Mbps
265,10000000,1e-05,2000,3.0,10MB+较差网络(1e-5)+超高延时2000ms+低速3.0Mbps
266,100000,5e-07,500,1.0,100KB+优良网络(5e-7)+中延时500ms+极低速1.0Mbps
267,1000000,1e-07,200,8.0,1MB+极佳网络(1e-7)+低延时200ms+高速8.0Mbps
268,1000000,4e-06,500,5.0,1MB+中等偏上(4e-6)+中延时500ms+中速5.0Mbps
269,1000,4e-06,1000,3.0,1KB+中等偏上(4e-6)+高延时1000ms+低速3.0Mbps
270,100000,1e-06,500,10.0,100KB+良好网络(1e-6)+中延时500ms+高速10.0Mbps
271,500000,1e-07,200,1.0,500KB+极佳网络(1e-7)+低延时200ms+极低速1.0Mbps
272,500000,1e-05,2000,1.0,500KB+较差网络(1e-5)+超高延时2000ms+极低速1.0Mbps
273,1000000,6e-06,800,3.0,1MB+中等偏下(6e-6)+中延时800ms+低速3.0Mbps
274,500000,6e-06,200,1.0,500KB+中等偏下(6e-6)+低延时200ms+极低速1.0Mbps
275,100000,1e-06,800,1.0,100KB+良好网络(1e-6)+中延时800ms+极低速1.0Mbps
276,1000000,1e-05,2000,2.0,1MB+较差网络(1e-5)+超高延时2000ms+低速2.0Mbps
277,1000,5e-07,200,5.0,1KB+优良网络(5e-7)+低延时200ms+中速5.0Mbps
278,10000000,8e-06,2000,2.0,10MB+较差偏上(8e-6)+超高延时2000ms+低速2.0Mbps
279,1000,1e-07,200,2.0,1KB+极佳网络(1e-7)+低延时200ms+低速2.0Mbps
280,1000000,1e-06,800,5.0,1MB+良好网络(1e-6)+中延时800ms+中速5.0Mbps
281,100000,8e-06,500,1.0,100KB+较差偏上(8e-6)+中延时500ms+极低速1.0Mbps
282,100000,6e-06,500,5.0,100KB+中等偏下(6e-6)+中延时500ms+中速5.0Mbps
283,1000,1e-05,200,3.0,1KB+较差网络(1e-5)+低延时200ms+低速3.0Mbps
284,50000000,6e-06,1000,2.0,50MB+中等偏下(6e-6)+高延时1000ms+低速2.0Mbps
285,5000000,1e-05,500,2.0,5MB+较差网络(1e-5)+中延时500ms+低速2.0Mbps
286,10000000,6e-06,500,2.0,10MB+中等偏下(6e-6)+中延时500ms+低速2.0Mbps
287,1000000,1e-06,1500,1.0,1MB+良好网络(1e-6)+高延时1500ms+极低速1.0Mbps
288,10000000,1e-05,2000,5.0,10MB+较差网络(1e-5)+超高延时2000ms+中速5.0Mbps
289,1000,4e-06,500,3.0,1KB+中等偏上(4e-6)+中延时500ms+低速3.0Mbps
290,1000,1e-05,800,10.0,1KB+较差网络(1e-5)+中延时800ms+高速10.0Mbps
291,5000000,5e-07,1000,1.0,5MB+优良网络(5e-7)+高延时1000ms+极低速1.0Mbps
292,1000,1e-05,2000,1.0,1KB+较差网络(1e-5)+超高延时2000ms+极低速1.0Mbps
293,1000000,1e-05,1000,5.0,1MB+较差网络(1e-5)+高延时1000ms+中速5.0Mbps
294,10000000,1e-06,1500,1.0,10MB+良好网络(1e-6)+高延时1500ms+极低速1.0Mbps
295,1000,8e-06,200,1.0,1KB+较差偏上(8e-6)+低延时200ms+极低速1.0Mbps
296,1000,5e-07,1000,1.0,1KB+优良网络(5e-7)+高延时1000ms+极低速1.0Mbps
297,10000000,8e-06,1000,3.0,10MB+较差偏上(8e-6)+高延时1000ms+低速3.0Mbps
298,10000000,1e-07,1000,2.0,10MB+极佳网络(1e-7)+高延时1000ms+低速2.0Mbps
299,10000000,1e-06,800,5.0,10MB+良好网络(1e-6)+中延时800ms+中速5.0Mbps
300,1000,8e-06,500,5.0,1KB+较差偏上(8e-6)+中延时500ms+中速5.0Mbps
301,10000000,1e-06,500,8.0,10MB+良好网络(1e-6)+中延时500ms+高速8.0Mbps
302,50000000,1e-07,200,1.0,50MB+极佳网络(1e-7)+低延时200ms+极低速1.0Mbps
303,100000000,6e-06,2000,1.0,100MB+中等偏下(6e-6)+超高延时2000ms+极低速1.0Mbps
304,10000,1e-06,1000,1.0,10KB+良好网络(1e-6)+高延时1000ms+极低速1.0Mbps
305,10000000,1e-05,200,0.5,10MB+较差网络(1e-5)+低延时200ms+极低速0.5Mbps
306,10000000,1e-05,5000,1.0,10MB+较差网络(1e-5)+超高延时5000ms+极低速1.0Mbps
307,10000000,6e-06,1000,3.0,10MB+中等偏下(6e-6)+高延时1000ms+低速3.0Mbps
308,1000000,1e-06,1000,8.0,1MB+良好网络(1e-6)+高延时1000ms+高速8.0Mbps
309,5000000,1e-05,200,10.0,5MB+较差网络(1e-5)+低延时200ms+高速10.0Mbps
310,500000,1e-06,200,1.0,500KB+良好网络(1e-6)+低延时200ms+极低速1.0Mbps
311,1000,1e-07,1000,5.0,1KB+极佳网络(1e-7)+高延时1000ms+中速5.0Mbps
312,500000,6e-06,500,1.0,500KB+中等偏下(6e-6)+中延时500ms+极低速1.0Mbps
313,10000000,4e-06,200,3.0,10MB+中等偏上(4e-6)+低延时200ms+低速3.0Mbps
314,1000000,1e-06,800,8.0,1MB+良好网络(1e-6)+中延时800ms+高速8.0Mbps
315,1000000,6e-06,4000,1.0,1MB+中等偏下(6e-6)+超高延时4000ms+极低速1.0Mbps
316,10000000,1e-06,500,1.0,10MB+良好网络(1e-6)+中延时500ms+极低速1.0Mbps
317,1000000,8e-06,1000,5.0,1MB+较差偏上(8e-6)+高延时1000ms+中速5.0Mbps
318,5000000,6e-06,500,1.0,5MB+中等偏下(6e-6)+中延时500ms+极低速1.0Mbps
319,1000,6e-06,1000,1.0,1KB+中等偏下(6e-6)+高延时1000ms+极低速1.0Mbps
320,5000000,1e-05,800,1.0,5MB+较差网络(1e-5)+中延时800ms+极低速1.0Mbps
321,1000000,1e-06,500,8.0,1MB+良好网络(1e-6)+中延时500ms+高速8.0Mbps
322,10000000,1e-05,200,1.0,10MB+较差网络(1e-5)+低延时200ms+极低速1.0Mbps
323,1000,1e-06,200,1.0,1KB+良好网络(1e-6)+低延时200ms+极低速1.0Mbps
324,5000000,1e-05,1000,10.0,5MB+较差网络(1e-5)+高延时1000ms+高速10.0Mbps
325,100000000,1e-06,2000,1.0,100MB+良好网络(1e-6)+超高延时2000ms+极低速1.0Mbps
326,100000,6e-06,500,2.0,100KB+中等偏下(6e-6)+中延时500ms+低速2.0Mbps
327,5000000,6e-06,1000,1.0,5MB+中等偏下(6e-6)+高延时1000ms+极低速1.0Mbps
328,1000000,5e-07,2000,5.0,1MB+优良网络(5e-7)+超高延时2000ms+中速5.0Mbps
329,500000,1e-05,1000,2.0,500KB+较差网络(1e-5)+高延时1000ms+低速2.0Mbps
330,50000000,6e-06,200,5.0,50MB+中等偏下(6e-6)+低延时200ms+中速5.0Mbps
331,10000000,1e-05,500,8.0,10MB+较差网络(1e-5)+中延时500ms+高速8.0Mbps
332,1000,1e-05,4000,1.0,1KB+较差网络(1e-5)+超高延时4000ms+极低速1.0Mbps
333,10000000,5e-07,200,1.0,10MB+优良网络(5e-7)+低延时200ms+极低速1.0Mbps
334,500000,1e-06,1000,2.0,500KB+良好网络(1e-6)+高延时1000ms+低速2.0Mbps
335,500000,1e-06,500,5.0,500KB+良好网络(1e-6)+中延时500ms+中速5.0Mbps
336,1000,1e-05,1000,2.0,1KB+较差网络(1e-5)+高延时1000ms+低速2.0Mbps
337,5000000,1e-05,200,1.0,5MB+较差网络(1e-5)+低延时200ms+极低速1.0Mbps
338,1000000,4e-06,1000,8.0,1MB+中等偏上(4e-6)+高延时1000ms+高速8.0Mbps
339,1000000,1e-06,800,2.0,1MB+良好网络(1e-6)+中延时800ms+低速2.0Mbps
340,10000000,6e-06,200,1.0,10MB+中等偏下(6e-6)+低延时200ms+极低速1.0Mbps
341,10000000,6e-06,200,10.0,10MB+中等偏下(6e-6)+低延时200ms+高速10.0Mbps
342,1000,1e-07,500,5.0,1KB+极佳网络(1e-7)+中延时500ms+中速5.0Mbps
343,500000,1e-05,1000,5.0,500KB+较差网络(1e-5)+高延时1000ms+中速5.0Mbps
344,1000,1e-05,800,1.0,1KB+较差网络(1e-5)+中延时800ms+极低速1.0Mbps
345,1000,6e-06,1000,2.0,1KB+中等偏下(6e-6)+高延时1000ms+低速2.0Mbps
346,1000,5e-07,1000,10.0,1KB+优良网络(5e-7)+高延时1000ms+高速10.0Mbps
347,10000000,6e-06,800,1.0,10MB+中等偏下(6e-6)+中延时800ms+极低速1.0Mbps
348,1000000,6e-06,2000,1.0,1MB+中等偏下(6e-6)+超高延时2000ms+极低速1.0Mbps
349,1000,1e-06,500,0.5,1KB+良好网络(1e-6)+中延时500ms+极低速0.5Mbps
350,1000000,1e-06,3000,1.0,1MB+良好网络(1e-6)+超高延时3000ms+极低速1.0Mbps
351,1000000,1e-06,800,3.0,1MB+良好网络(1e-6)+中延时800ms+低速3.0Mbps
352,50000000,1e-05,500,2.0,50MB+较差网络(1e-5)+中延时500ms+低速2.0Mbps
353,1000000,4e-06,200,5.0,1MB+中等偏上(4e-6)+低延时200ms+中速5.0Mbps
354,10000000,5e-07,500,10.0,10MB+优良网络(5e-7)+中延时500ms+高速10.0Mbps
355,1000,6e-06,1000,5.0,1KB+中等偏下(6e-6)+高延时1000ms+中速5.0Mbps
356,100000,1e-06,1000,1.0,100KB+良好网络(1e-6)+高延时1000ms+极低速1.0Mbps
357,500000,4e-06,1000,1.0,500KB+中等偏上(4e-6)+高延时1000ms+极低速1.0Mbps
358,1000,4e-06,1000,1.0,1KB+中等偏上(4e-6)+高延时1000ms+极低速1.0Mbps
359,10000000,6e-06,1000,8.0,10MB+中等偏下(6e-6)+高延时1000ms+高速8.0Mbps
360,50000000,1e-06,1000,5.0,50MB+良好网络(1e-6)+高延时1000ms+中速5.0Mbps
361,1000,4e-06,2000,3.0,1KB+中等偏上(4e-6)+超高延时2000ms+低速3.0Mbps
362,1000000,1e-06,1000,1.0,1MB+良好网络(1e-6)+高延时1000ms+极低速1.0Mbps
363,1000000,6e-06,5000,1.0,1MB+中等偏下(6e-6)+超高延时5000ms+极低速1.0Mbps
364,10000000,4e-06,500,10.0,10MB+中等偏上(4e-6)+中延时500ms+高速10.0Mbps
365,1000000,6e-06,800,1.0,1MB+中等偏下(6e-6)+中延时800ms+极低速1.0Mbps
366,1000000,1e-06,500,0.5,1MB+良好网络(1e-6)+中延时500ms+极低速0.5Mbps
367,1000,1e-06,1000,1.0,1KB+良好网络(1e-6)+高延时1000ms+极低速1.0Mbps
368,1000000,1e-06,500,5.0,1MB+良好网络(1e-6)+中延时500ms+中速5.0Mbps
369,1000000,4e-06,1000,1.0,1MB+中等偏上(4e-6)+高延时1000ms+极低速1.0Mbps
370,1000,1e-06,800,5.0,1KB+良好网络(1e-6)+中延时800ms+中速5.0Mbps
371,5000000,1e-05,200,5.0,5MB+较差网络(1e-5)+低延时200ms+中速5.0Mbps
372,10000000,1e-06,200,1.0,10MB+良好网络(1e-6)+低延时200ms+极低速1.0Mbps
373,1000,1e-05,200,8.0,1KB+较差网络(1e-5)+低延时200ms+高速8.0Mbps
374,1000000,6e-06,200,8.0,1MB+中等偏下(6e-6)+低延时200ms+高速8.0Mbps
375,10000000,6e-06,500,8.0,10MB+中等偏下(6e-6)+中延时500ms+高速8.0Mbps
376,10000000,1e-05,500,1.0,10MB+较差网络(1e-5)+中延时500ms+极低速1.0Mbps
377,1000000,5e-07,1000,2.0,1MB+优良网络(5e-7)+高延时1000ms+低速2.0Mbps
378,1000000,8e-06,200,10.0,1MB+较差偏上(8e-6)+低延时200ms+高速10.0Mbps
379,1000,6e-06,1000,10.0,1KB+中等偏下(6e-6)+高延时1000ms+高速10.0Mbps
380,10000000,1e-06,2000,0.5,10MB+良好网络(1e-6)+超高延时2000ms+极低速0.5Mbps
381,1000000,1e-06,1000,0.5,1MB+良好网络(1e-6)+高延时1000ms+极低速0.5Mbps
382,5000000,6e-06,800,1.0,5MB+中等偏下(6e-6)+中延时800ms+极低速1.0Mbps
383,10000000,1e-06,4000,1.0,10MB+良好网络(1e-6)+超高延时4000ms+极低速1.0Mbps
384,10000000,8e-06,500,5.0,10MB+较差偏上(8e-6)+中延时500ms+中速5.0Mbps
385,1000000,8e-06,200,8.0,1MB+较差偏上(8e-6)+低延时200ms+高速8.0Mbps
386,1000000,4e-06,800,1.0,1MB+中等偏上(4e-6)+中延时800ms+极低速1.0Mbps
387,1000,1e-05,200,2.0,1KB+较差网络(1e-5)+低延时200ms+低速2.0Mbps
388,1000000,5e-07,200,2.0,1MB+优良网络(5e-7)+低延时200ms+低速2.0Mbps
389,1000,1e-06,5000,1.0,1KB+良好网络(1e-6)+超高延时5000ms+极低速1.0Mbps
390,5000000,1e-07,500,1.0,5MB+极佳网络(1e-7)+中延时500ms+极低速1.0Mbps
391,5000000,1e-06,200,5.0,5MB+良好网络(1e-6)+低延时200ms+中速5.0Mbps
392,10000000,1e-05,500,1.0,10MB+较差网络(1e-5)+中延时500ms+极低速1.0Mbps
393,100000,6e-06,1000,1.0,100KB+中等偏下(6e-6)+高延时1000ms+极低速1.0Mbps
394,1000,8e-06,200,8.0,1KB+较差偏上(8e-6)+低延时200ms+高速8.0Mbps
395,1000,1e-07,200,5.0,1KB+极佳网络(1e-7)+低延时200ms+中速5.0Mbps
396,5000000,1e-06,500,1.0,5MB+良好网络(1e-6)+中延时500ms+极低速1.0Mbps
397,10000000,1e-05,200,8.0,10MB+较差网络(1e-5)+低延时200ms+高速8.0Mbps
398,1000,8e-06,1000,3.0,1KB+较差偏上(8e-6)+高延时1000ms+低速3.0Mbps
399,1000000,1e-05,1000,1.0,1MB+较差网络(1e-5)+高延时1000ms+极低速1.0Mbps
400,1000,5e-07,500,5.0,1KB+优良网络(5e-7)+中延时500ms+中速5.0Mbps
401,1000000,1e-07,200,1.0,1MB+极佳网络(1e-7)+低延时200ms+极低速1.0Mbps
402,1000,4e-06,200,5.0,1KB+中等偏上(4e-6)+低延时200ms+中速5.0Mbps
403,10000000,4e-06,200,8.0,10MB+中等偏上(4e-6)+低延时200ms+高速8.0Mbps
404,1000,1e-05,2000,1.0,1KB+较差网络(1e-5)+超高延时2000ms+极低速1.0Mbps
405,1000,1e-05,1000,0.5,1KB+较差网络(1e-5)+高延时1000ms+极低速0.5Mbps
406,10000000,1e-07,2000,1.0,10MB+极佳网络(1e-7)+超高延时2000ms+极低速1.0Mbps
407,10000000,4e-06,200,1.0,10MB+中等偏上(4e-6)+低延时200ms+极低速1.0Mbps
408,1000000,6e-06,2000,2.0,1MB+中等偏下(6e-6)+超高延时2000ms+低速2.0Mbps
409,1000,1e-06,2000,3.0,1KB+良好网络(1e-6)+超高延时2000ms+低速3.0Mbps
410,1000000,4e-06,1000,10.0,1MB+中等偏上(4e-6)+高延时1000ms+高速10.0Mbps
411,1000,1e-06,200,1.0,1KB+良好网络(1e-6)+低延时200ms+极低速1.0Mbps
412,1000,4e-06,2000,8.0,1KB+中等偏上(4e-6)+超高延时2000ms+高速8.0Mbps
413,10000000,6e-06,2000,5.0,10MB+中等偏下(6e-6)+超高延时2000ms+中速5.0Mbps
414,5000000,1e-06,200,2.0,5MB+良好网络(1e-6)+低延时200ms+低速2.0Mbps
415,10000000,8e-06,200,5.0,10MB+较差偏上(8e-6)+低延时200ms+中速5.0Mbps
416,5000000,6e-06,2000,1.0,5MB+中等偏下(6e-6)+超高延时2000ms+极低速1.0Mbps
417,1000000,1e-05,2000,1.0,1MB+较差网络(1e-5)+超高延时2000ms+极低速1.0Mbps
418,1000,5e-07,2000,2.0,1KB+优良网络(5e-7)+超高延时2000ms+低速2.0Mbps
419,500000,8e-06,200,1.0,500KB+较差偏上(8e-6)+低延时200ms+极低速1.0Mbps
420,1000000,1e-06,4000,1.0,1MB+良好网络(1e-6)+超高延时4000ms+极低速1.0Mbps
421,1000000,1e-05,500,1.0,1MB+较差网络(1e-5)+中延时500ms+极低速1.0Mbps
422,1000000,5e-07,500,1.0,1MB+优良网络(5e-7)+中延时500ms+极低速1.0Mbps
423,500000,1e-05,500,1.0,500KB+较差网络(1e-5)+中延时500ms+极低速1.0Mbps
424,1000,8e-06,500,8.0,1KB+较差偏上(8e-6)+中延时500ms+高速8.0Mbps
425,500000,1e-06,200,3.0,500KB+良好网络(1e-6)+低延时200ms+低速3.0Mbps
426,10000000,1e-06,2000,10.0,10MB+良好网络(1e-6)+超高延时2000ms+高速10.0Mbps
427,1000000,5e-07,200,1.0,1MB+优良网络(5e-7)+低延时200ms+极低速1.0Mbps
428,1000000,8e-06,2000,1.0,1MB+较差偏上(8e-6)+超高延时2000ms+极低速1.0Mbps
429,10000000,6e-06,3000,1.0,10MB+中等偏下(6e-6)+超高延时3000ms+极低速1.0Mbps
430,5000000,1e-06,1000,8.0,5MB+良好网络(1e-6)+高延时1000ms+高速8.0Mbps
431,5000000,1e-06,2000,5.0,5MB+良好网络(1e-6)+超高延时2000ms+中速5.0Mbps
432,10000000,1e-07,200,3.0,10MB+极佳网络(1e-7)+低延时200ms+低速3.0Mbps
433,1000,6e-06,1000,1.0,1KB+中等偏下(6e-6)+高延时1000ms+极低速1.0Mbps
434,10000000,1e-05,2000,1.0,10MB+较差网络(1e-5)+超高延时2000ms+极低速1.0Mbps
435,1000,1e-07,2000,5.0,1KB+极佳网络(1e-7)+超高延时2000ms+中速5.0Mbps
436,10000000,1e-05,200,3.0,10MB+较差网络(1e-5)+低延时200ms+低速3.0Mbps
437,1000,1e-05,500,2.0,1KB+较差网络(1e-5)+中延时500ms+低速2.0Mbps
438,1000000,1e-07,500,8.0,1MB+极佳网络(1e-7)+中延时500ms+高速8.0Mbps
439,1000000,1e-05,200,3.0,1MB+较差网络(1e-5)+低延时200ms+低速3.0Mbps
440,1000,1e-05,2000,5.0,1KB+较差网络(1e-5)+超高延时2000ms+中速5.0Mbps
441,1000,1e-06,200,10.0,1KB+良好网络(1e-6)+低延时200ms+高速10.0Mbps
442,1000000,1e-05,200,5.0,1MB+较差网络(1e-5)+低延时200ms+中速5.0Mbps
443,10000000,8e-06,500,3.0,10MB+较差偏上(8e-6)+中延时500ms+低速3.0Mbps
444,1000000,1e-05,200,2.0,1MB+较差网络(1e-5)+低延时200ms+低速2.0Mbps
445,1000,1e-05,800,2.0,1KB+较差网络(1e-5)+中延时800ms+低速2.0Mbps
446,1000000,6e-06,2000,8.0,1MB+中等偏下(6e-6)+超高延时2000ms+高速8.0Mbps
447,1000,4e-06,1000,2.0,1KB+中等偏上(4e-6)+高延时1000ms+低速2.0Mbps
448,10000000,4e-06,500,8.0,10MB+中等偏上(4e-6)+中延时500ms+高速8.0Mbps
449,1000000,1e-07,1000,10.0,1MB+极佳网络(1e-7)+高延时1000ms+高速10.0Mbps
450,1000,1e-05,200,5.0,1KB+较差网络(1e-5)+低延时200ms+中速5.0Mbps
451,10000000,1e-05,200,2.0,10MB+较差网络(1e-5)+低延时200ms+低速2.0Mbps
452,10000000,1e-06,200,1.0,10MB+良好网络(1e-6)+低延时200ms+极低速1.0Mbps
453,10000000,1e-06,200,1.0,10MB+良好网络(1e-6)+低延时200ms+极低速1.0Mbps
454,1000000,1e-05,1000,0.5,1MB+较差网络(1e-5)+高延时1000ms+极低速0.5Mbps
455,1000000,8e-06,2000,2.0,1MB+较差偏上(8e-6)+超高延时2000ms+低速2.0Mbps
456,1000000,1e-06,1000,10.0,1MB+良好网络(1e-6)+高延时1000ms+高速10.0Mbps
457,10000000,6e-06,1200,1.0,10MB+中等偏下(6e-6)+高延时1200ms+极低速1.0Mbps
458,1000000,1e-05,2000,0.5,1MB+较差网络(1e-5)+超高延时2000ms+极低速0.5Mbps
459,1000,1e-05,2000,10.0,1KB+较差网络(1e-5)+超高延时2000ms+高速10.0Mbps
460,10000000,4e-06,2000,5.0,10MB+中等偏上(4e-6)+超高延时2000ms+中速5.0Mbps
461,100000,1e-06,2000,1.0,100KB+良好网络(1e-6)+超高延时2000ms+极低速1.0Mbps
462,100000,1e-06,200,1.0,100KB+良好网络(1e-6)+低延时200ms+极低速1.0Mbps
463,100000,1e-05,2000,1.0,100KB+较差网络(1e-5)+超高延时2000ms+极低速1.0Mbps
464,10000000,6e-06,1000,1.0,10MB+中等偏下(6e-6)+高延时1000ms+极低速1.0Mbps
465,1000000,4e-06,2000,2.0,1MB+中等偏上(4e-6)+超高延时2000ms+低速2.0Mbps
466,50000000,1e-06,500,1.0,50MB+良好网络(1e-6)+中延时500ms+极低速1.0Mbps
467,10000000,1e-06,800,2.0,10MB+良好网络(1e-6)+中延时800ms+低速2.0Mbps
468,1000000,8e-06,2000,5.0,1MB+较差偏上(8e-6)+超高延时2000ms+中速5.0Mbps
469,1000,6e-06,200,1.0,1KB+中等偏下(6e-6)+低延时200ms+极低速1.0Mbps
470,10000000,1e-05,500,2.0,10MB+较差网络(1e-5)+中延时500ms+低速2.0Mbps
471,1000000,6e-06,200,1.0,1MB+中等偏下(6e-6)+低延时200ms+极低速1.0Mbps
472,10000000,1e-06,200,10.0,10MB+良好网络(1e-6)+低延时200ms+高速10.0Mbps
473,1000,1e-05,1000,3.0,1KB+较差网络(1e-5)+高延时1000ms+低速3.0Mbps
474,500000,1e-07,500,1.0,500KB+极佳网络(1e-7)+中延时500ms+极低速1.0Mbps
475,10000000,1e-06,5000,1.0,10MB+良好网络(1e-6)+超高延时5000ms+极低速1.0Mbps
476,1000000,1e-05,2000,1.0,1MB+较差网络(1e-5)+超高延时2000ms+极低速1.0Mbps
477,10000,1e-05,1000,1.0,10KB+较差网络(1e-5)+高延时1000ms+极低速1.0Mbps
478,100000,1e-06,500,3.0,100KB+良好网络(1e-6)+中延时500ms+低速3.0Mbps
479,1000,6e-06,1200,1.0,1KB+中等偏下(6e-6)+高延时1200ms+极低速1.0Mbps
480,500000,1e-06,500,10.0,500KB+良好网络(1e-6)+中延时500ms+高速10.0Mbps
481,50000000,6e-06,1000,5.0,50MB+中等偏下(6e-6)+高延时1000ms+中速5.0Mbps
482,10000000,1e-05,200,5.0,10MB+较差网络(1e-5)+低延时200ms+中速5.0Mbps
483,1000,4e-06,200,10.0,1KB+中等偏上(4e-6)+低延时200ms+高速10.0Mbps
484,5000000,6e-06,2000,5.0,5MB+中等偏下(6e-6)+超高延时2000ms+中速5.0Mbps
485,1000,1e-05,500,5.0,1KB+较差网络(1e-5)+中延时500ms+中速5.0Mbps
486,5000000,5e-07,200,1.0,5MB+优良网络(5e-7)+低延时200ms+极低速1.0Mbps
487,5000000,1e-07,200,1.0,5MB+极佳网络(1e-7)+低延时200ms+极低速1.0Mbps
488,1000,8e-06,800,1.0,1KB+较差偏上(8e-6)+中延时800ms+极低速1.0Mbps
489,1000000,1e-05,2000,3.0,1MB+较差网络(1e-5)+超高延时2000ms+低速3.0Mbps
490,50000000,1e-06,500,3.0,50MB+良好网络(1e-6)+中延时500ms+低速3.0Mbps
491,1000000,6e-06,1000,1.0,1MB+中等偏下(6e-6)+高延时1000ms+极低速1.0Mbps
492,10000000,8e-06,200,1.0,10MB+较差偏上(8e-6)+低延时200ms+极低速1.0Mbps
493,1000000,6e-06,1000,1.0,1MB+中等偏下(6e-6)+高延时1000ms+极低速1.0Mbps
494,1000,1e-06,1000,10.0,1KB+良好网络(1e-6)+高延时1000ms+高速10.0Mbps
495,5000000,1e-06,500,8.0,5MB+良好网络(1e-6)+中延时500ms+高速8.0Mbps
496,100000,6e-06,500,1.0,100KB+中等偏下(6e-6)+中延时500ms+极低速1.0Mbps
497,1000000,1e-05,5000,1.0,1MB+较差网络(1e-5)+超高延时5000ms+极低速1.0Mbps
498,1000,4e-06,200,8.0,1KB+中等偏上(4e-6)+低延时200ms+高速8.0Mbps
499,1000000,4e-06,200,8.0,1MB+中等偏上(4e-6)+低延时200ms+高速8.0Mbps
500,1000000,1e-07,200,3.0,1MB+极佳网络(1e-7)+低延时200ms+低速3.0Mbps
501,100000,1e-06,200,5.0,100KB+良好网络(1e-6)+低延时200ms+中速5.0Mbps
502,1000,1e-06,1000,8.0,1KB+良好网络(1e-6)+高延时1000ms+高速8.0Mbps
503,1000,4e-06,500,5.0,1KB+中等偏上(4e-6)+中延时500ms+中速5.0Mbps
504,100000,4e-06,200,1.0,100KB+中等偏上(4e-6)+低延时200ms+极低速1.0Mbps
505,100000,1e-06,200,10.0,100KB+良好网络(1e-6)+低延时200ms+高速10.0Mbps
506,1000000,6e-06,200,0.5,1MB+中等偏下(6e-6)+低延时200ms+极低速0.5Mbps
507,10000000,1e-05,500,0.5,10MB+较差网络(1e-5)+中延时500ms+极低速0.5Mbps
508,1000000,1e-06,200,0.5,1MB+良好网络(1e-6)+低延时200ms+极低速0.5Mbps
509,10000000,8e-06,1000,8.0,10MB+较差偏上(8e-6)+高延时1000ms+高速8.0Mbps
510,1000000,1e-06,1000,1.0,1MB+良好网络(1e-6)+高延时1000ms+极低速1.0Mbps
511,1000,6e-06,2000,2.0,1KB+中等偏下(6e-6)+超高延时2000ms+低速2.0Mbps
512,1000,1e-07,1000,1.0,1KB+极佳网络(1e-7)+高延时1000ms+极低速1.0Mbps
513,1000000,4e-06,1000,2.0,1MB+中等偏上(4e-6)+高延时1000ms+低速2.0Mbps
514,10000000,1e-05,1000,1.0,10MB+较差网络(1e-5)+高延时1000ms+极低速1.0Mbps
515,10000000,1e-07,200,5.0,10MB+极佳网络(1e-7)+低延时200ms+中速5.0Mbps
516,5000000,1e-05,2000,1.0,5MB+较差网络(1e-5)+超高延时2000ms+极低速1.0Mbps
517,1000000,5e-07,1000,10.0,1MB+优良网络(5e-7)+高延时1000ms+高速10.0Mbps
518,1000000,1e-06,1000,1.0,1MB+良好网络(1e-6)+高延时1000ms+极低速1.0Mbps
519,100000,1e-06,200,2.0,100KB+良好网络(1e-6)+低延时200ms+低速2.0Mbps
520,1000,1e-05,3000,1.0,1KB+较差网络(1e-5)+超高延时3000ms+极低速1.0Mbps
521,10000000,8e-06,1000,5.0,10MB+较差偏上(8e-6)+高延时1000ms+中速5.0Mbps
522,1000,8e-06,1000,8.0,1KB+较差偏上(8e-6)+高延时1000ms+高速8.0Mbps
523,100000,1e-05,1000,1.0,100KB+较差网络(1e-5)+高延时1000ms+极低速1.0Mbps
524,100000,1e-06,500,1.0,100KB+良好网络(1e-6)+中延时500ms+极低速1.0Mbps
525,10000000,6e-06,200,1.0,10MB+中等偏下(6e-6)+低延时200ms+极低速1.0Mbps
526,500000,6e-06,500,5.0,500KB+中等偏下(6e-6)+中延时500ms+中速5.0Mbps
527,1000,5e-07,1000,8.0,1KB+优良网络(5e-7)+高延时1000ms+高速8.0Mbps
528,1000000,5e-07,200,3.0,1MB+优良网络(5e-7)+低延时200ms+低速3.0Mbps
529,50000000,6e-06,500,1.0,50MB+中等偏下(6e-6)+中延时500ms+极低速1.0Mbps
530,1000,6e-06,500,2.0,1KB+中等偏下(6e-6)+中延时500ms+低速2.0Mbps
531,1000,1e-06,1000,1.0,1KB+良好网络(1e-6)+高延时1000ms+极低速1.0Mbps
532,1000000,8e-06,200,2.0,1MB+较差偏上(8e-6)+低延时200ms+低速2.0Mbps
533,10000000,1e-06,2000,1.0,10MB+良好网络(1e-6)+超高延时2000ms+极低速1.0Mbps
534,1000,1e-06,200,1.0,1KB+良好网络(1e-6)+低延时200ms+极低速1.0Mbps
535,1000,6e-06,500,1.0,1KB+中等偏下(6e-6)+中延时500ms+极低速1.0Mbps
536,5000000,1e-05,500,3.0,5MB+较差网络(1e-5)+中延时500ms+低速3.0Mbps
537,50000000,1e-06,200,2.0,50MB+良好网络(1e-6)+低延时200ms+低速2.0Mbps
538,1000,1e-05,1000,1.0,1KB+较差网络(1e-5)+高延时1000ms+极低速1.0Mbps
539,1000,1e-06,200,3.0,1KB+良好网络(1e-6)+低延时200ms+低速3.0Mbps
540,1000000,1e-07,1000,1.0,1MB+极佳网络(1e-7)+高延时1000ms+极低速1.0Mbps
541,10000000,6e-06,800,2.0,10MB+中等偏下(6e-6)+中延时800ms+低速2.0Mbps
542,10000000,8e-06,200,2.0,10MB+较差偏上(8e-6)+低延时200ms+低速2.0Mbps
543,10000000,4e-06,1000,2.0,10MB+中等偏上(4e-6)+高延时1000ms+低速2.0Mbps
544,1000000,1e-05,200,1.0,1MB+较差网络(1e-5)+低延时200ms+极低速1.0Mbps
545,1000,1e-05,200,1.0,1KB+较差网络(1e-5)+低延时200ms+极低速1.0Mbps
546,1000000,1e-05,500,10.0,1MB+较差网络(1e-5)+中延时500ms+高速10.0Mbps
547,1000,6e-06,500,1.0,1KB+中等偏下(6e-6)+中延时500ms+极低速1.0Mbps
548,10000000,1e-07,200,10.0,10MB+极佳网络(1e-7)+低延时200ms+高速10.0Mbps
549,5000000,1e-06,200,1.0,5MB+良好网络(1e-6)+低延时200ms+极低速1.0Mbps
550,1000,6e-06,5000,1.0,1KB+中等偏下(6e-6)+超高延时5000ms+极低速1.0Mbps
551,5000000,1e-07,1000,1.0,5MB+极佳网络(1e-7)+高延时1000ms+极低速1.0Mbps
552,1000,6e-06,200,8.0,1KB+中等偏下(6e-6)+低延时200ms+高速8.0Mbps
553,1000000,1e-06,5000,1.0,1MB+良好网络(1e-6)+超高延时5000ms+极低速1.0Mbps
554,1000000,6e-06,200,3.0,1MB+中等偏下(6e-6)+低延时200ms+低速3.0Mbps
555,1000000,4e-06,2000,1.0,1MB+中等偏上(4e-6)+超高延时2000ms+极低速1.0Mbps
556,1000,8e-06,200,3.0,1KB+较差偏上(8e-6)+低延时200ms+低速3.0Mbps
557,1000,8e-06,1000,2.0,1KB+较差偏上(8e-6)+高延时1000ms+低速2.0Mbps
558,10000000,6e-06,500,10.0,10MB+中等偏下(6e-6)+中延时500ms+高速10.0Mbps
559,5000000,6e-06,200,8.0,5MB+中等偏下(6e-6)+低延时200ms+高速8.0Mbps
560,100000,1e-06,1000,5.0,100KB+良好网络(1e-6)+高延时1000ms+中速5.0Mbps
561,100000,1e-06,500,5.0,100KB+良好网络(1e-6)+中延时500ms+中速5.0Mbps
562,10000000,5e-07,200,2.0,10MB+优良网络(5e-7)+低延时200ms+低速2.0Mbps
563,1000,1e-06,3000,1.0,1KB+良好网络(1e-6)+超高延时3000ms+极低速1.0Mbps
564,1000000,1e-07,2000,5.0,1MB+极佳网络(1e-7)+超高延时2000ms+中速5.0Mbps
565,50000000,1e-05,500,5.0,50MB+较差网络(1e-5)+中延时500ms+中速5.0Mbps
566,1000,1e-05,1000,10.0,1KB+较差网络(1e-5)+高延时1000ms+高速10.0Mbps
567,1000,6e-06,4000,1.0,1KB+中等偏下(6e-6)+超高延时4000ms+极低速1.0Mbps
568,50000000,1e-06,500,5.0,50MB+良好网络(1e-6)+中延时500ms+中速5.0Mbps
569,10000000,6e-06,2000,1.0,10MB+中等偏下(6e-6)+超高延时2000ms+极低速1.0Mbps
570,1000000,1e-06,500,10.0,1MB+良好网络(1e-6)+中延时500ms+高速10.0Mbps
571,1000,6e-06,2000,1.0,1KB+中等偏下(6e-6)+超高延时2000ms+极低速1.0Mbps
572,1000000,1e-05,500,8.0,1MB+较差网络(1e-5)+中延时500ms+高速8.0Mbps
573,1000000,5e-07,200,5.0,1MB+优良网络(5e-7)+低延时200ms+中速5.0Mbps
574,10000000,6e-06,1500,1.0,10MB+中等偏下(6e-6)+高延时1500ms+极低速1.0Mbps
575,1000,8e-06,200,10.0,1KB+较差偏上(8e-6)+低延时200ms+高速10.0Mbps
576,1000000,1e-07,500,3.0,1MB+极佳网络(1e-7)+中延时500ms+低速3.0Mbps
577,1000,6e-06,800,3.0,1KB+中等偏下(6e-6)+中延时800ms+低速3.0Mbps
578,1000,1e-05,500,0.5,1KB+较差网络(1e-5)+中延时500ms+极低速0.5Mbps
579,1000000,4e-06,500,2.0,1MB+中等偏上(4e-6)+中延时500ms+低速2.0Mbps
580,10000000,5e-07,1000,2.0,10MB+优良网络(5e-7)+高延时1000ms+低速2.0Mbps
581,10000000,1e-06,200,0.5,10MB+良好网络(1e-6)+低延时200ms+极低速0.5Mbps
582,1000,4e-06,2000,5.0,1KB+中等偏上(4e-6)+超高延时2000ms+中速5.0Mbps
583,500000,1e-06,800,1.0,500KB+良好网络(1e-6)+中延时800ms+极低速1.0Mbps
584,5000000,6e-06,500,3.0,5MB+中等偏下(6e-6)+中延时500ms+低速3.0Mbps
585,10000000,4e-06,200,2.0,10MB+中等偏上(4e-6)+低延时200ms+低速2.0Mbps
586,10000000,1e-05,1000,1.0,10MB+较差网络(1e-5)+高延时1000ms+极低速1.0Mbps
587,100000,6e-06,1000,2.0,100KB+中等偏下(6e-6)+高延时1000ms+低速2.0Mbps
588,1000,4e-06,2000,1.0,1KB+中等偏上(4e-6)+超高延时2000ms+极低速1.0Mbps
589,10000000,1e-06,1000,8.0,10MB+良好网络(1e-6)+高延时1000ms+高速8.0Mbps
590,10000000,6e-06,2000,10.0,10MB+中等偏下(6e-6)+超高延时2000ms+高速10.0Mbps
591,500000,1e-05,200,1.0,500KB+较差网络(1e-5)+低延时200ms+极低速1.0Mbps
592,500000,6e-06,2000,1.0,500KB+中等偏下(6e-6)+超高延时2000ms+极低速1.0Mbps
593,10000000,1e-05,1000,5.0,10MB+较差网络(1e-5)+高延时1000ms+中速5.0Mbps
594,5000000,6e-06,2000,2.0,5MB+中等偏下(6e-6)+超高延时2000ms+低速2.0Mbps
595,10000000,1e-07,500,3.0,10MB+极佳网络(1e-7)+中延时500ms+低速3.0Mbps
596,10000000,1e-06,200,1.0,10MB+良好网络(1e-6)+低延时200ms+极低速1.0Mbps
597,1000,6e-06,2000,1.0,1KB+中等偏下(6e-6)+超高延时2000ms+极低速1.0Mbps
598,10000000,1e-05,4000,1.0,10MB+较差网络(1e-5)+超高延时4000ms+极低速1.0Mbps
599,10000000,1e-06,1000,1.0,10MB+良好网络(1e-6)+高延时1000ms+极低速1.0Mbps
600,5000000,1e-06,1000,2.0,5MB+良好网络(1e-6)+高延时1000ms+低速2.0Mbps
601,10000000,1e-06,500,1.0,10MB+良好网络(1e-6)+中延时500ms+极低速1.0Mbps
602,10000000,1e-06,200,2.0,10MB+良好网络(1e-6)+低延时200ms+低速2.0Mbps
603,1000000,6e-06,500,1.0,1MB+中等偏下(6e-6)+中延时500ms+极低速1.0Mbps
604,1000,1e-06,1000,2.0,1KB+良好网络(1e-6)+高延时1000ms+低速2.0Mbps
605,1000000,6e-06,2000,0.5,1MB+中等偏下(6e-6)+超高延时2000ms+极低速0.5Mbps
606,50000000,1e-06,800,1.0,50MB+良好网络(1e-6)+中延时800ms+极低速1.0Mbps
607,1000000,1e-06,200,1.0,1MB+良好网络(1e-6)+低延时200ms+极低速1.0Mbps
608,10000000,4e-06,800,1.0,10MB+中等偏上(4e-6)+中延时800ms+极低速1.0Mbps
609,1000,8e-06,500,3.0,1KB+较差偏上(8e-6)+中延时500ms+低速3.0Mbps
610,5000000,6e-06,200,10.0,5MB+中等偏下(6e-6)+低延时200ms+高速10.0Mbps
611,1000000,6e-06,200,1.0,1MB+中等偏下(6e-6)+低延时200ms+极低速1.0Mbps
612,1000000,1e-05,200,1.0,1MB+较差网络(1e-5)+低延时200ms+极低速1.0Mbps
613,1000,1e-06,500,1.0,1KB+良好网络(1e-6)+中延时500ms+极低速1.0Mbps
614,1000000,1e-07,500,5.0,1MB+极佳网络(1e-7)+中延时500ms+中速5.0Mbps
615,1000000,4e-06,2000,5.0,1MB+中等偏上(4e-6)+超高延时2000ms+中速5.0Mbps
616,50000000,1e-06,200,10.0,50MB+良好网络(1e-6)+低延时200ms+高速10.0Mbps
617,1000000,5e-07,1000,1.0,1MB+优良网络(5e-7)+高延时1000ms+极低速1.0Mbps
618,10000000,8e-06,500,10.0,10MB+较差偏上(8e-6)+中延时500ms+高速10.0Mbps
619,1000,1e-05,500,3.0,1KB+较差网络(1e-5)+中延时500ms+低速3.0Mbps
620,5000000,6e-06,1000,5.0,5MB+中等偏下(6e-6)+高延时1000ms+中速5.0Mbps
621,1000,4e-06,200,3.0,1KB+中等偏上(4e-6)+低延时200ms+低速3.0Mbps
622,1000,1e-07,2000,2.0,1KB+极佳网络(1e-7)+超高延时2000ms+低速2.0Mbps
623,5000000,1e-06,200,10.0,5MB+良好网络(1e-6)+低延时200ms+高速10.0Mbps
624,10000000,5e-07,500,2.0,10MB+优良网络(5e-7)+中延时500ms+低速2.0Mbps
625,1000,1e-07,500,10.0,1KB+极佳网络(1e-7)+中延时500ms+高速10.0Mbps
626,1000000,6e-06,1500,1.0,1MB+中等偏下(6e-6)+高延时1500ms+极低速1.0Mbps
627,10000000,8e-06,800,1.0,10MB+较差偏上(8e-6)+中延时800ms+极低速1.0Mbps
628,1000000,1e-06,2000,8.0,1MB+良好网络(1e-6)+超高延时2000ms+高速8.0Mbps
629,1000,8e-06,1000,1.0,1KB+较差偏上(8e-6)+高延时1000ms+极低速1.0Mbps
630,1000000,6e-06,500,1.0,1MB+中等偏下(6e-6)+中延时500ms+极低速1.0Mbps
631,1000000,1e-07,500,10.0,1MB+极佳网络(1e-7)+中延时500ms+高速10.0Mbps
632,1000,1e-06,2000,0.5,1KB+良好网络(1e-6)+超高延时2000ms+极低速0.5Mbps
633,1000,6e-06,2000,3.0,1KB+中等偏下(6e-6)+超高延时2000ms+低速3.0Mbps
634,1000000,1e-05,800,5.0,1MB+较差网络(1e-5)+中延时800ms+中速5.0Mbps
635,5000000,1e-06,200,3.0,5MB+良好网络(1e-6)+低延时200ms+低速3.0Mbps
636,1000000,4e-06,500,1.0,1MB+中等偏上(4e-6)+中延时500ms+极低速1.0Mbps
637,1000,1e-07,1000,8.0,1KB+极佳网络(1e-7)+高延时1000ms+高速8.0Mbps
638,1000,1e-05,1000,1.0,1KB+较差网络(1e-5)+高延时1000ms+极低速1.0Mbps
639,1000000,8e-06,1000,3.0,1MB+较差偏上(8e-6)+高延时1000ms+低速3.0Mbps
640,10000000,1e-05,1000,1.0,10MB+较差网络(1e-5)+高延时1000ms+极低速1.0Mbps
641,1000,8e-06,2000,5.0,1KB+较差偏上(8e-6)+超高延时2000ms+中速5.0Mbps
642,1000000,1e-05,1000,1.0,1MB+较差网络(1e-5)+高延时1000ms+极低速1.0Mbps
643,10000000,5e-07,200,10.0,10MB+优良网络(5e-7)+低延时200ms+高速10.0Mbps
644,100000,8e-06,200,1.0,100KB+较差偏上(8e-6)+低延时200ms+极低速1.0Mbps
645,5000000,6e-06,1000,10.0,5MB+中等偏下(6e-6)+高延时1000ms+高速10.0Mbps
646,10000000,6e-06,1000,2.0,10MB+中等偏下(6e-6)+高延时1000ms+低速2.0Mbps
647,10000000,1e-05,300,1.0,10MB+较差网络(1e-5)+低延时300ms+极低速1.0Mbps
648,1000000,1e-06,1000,3.0,1MB+良好网络(1e-6)+高延时1000ms+低速3.0Mbps
649,1000,8e-06,1000,5.0,1KB+较差偏上(8e-6)+高延时1000ms+中速5.0Mbps
650,5000000,1e-05,200,8.0,5MB+较差网络(1e-5)+低延时200ms+高速8.0Mbps
651,1000000,1e-05,200,8.0,1MB+较差网络(1e-5)+低延时200ms+高速8.0Mbps
652,1000000,1e-05,500,0.5,1MB+较差网络(1e-5)+中延时500ms+极低速0.5Mbps
653,1000000,1e-06,800,10.0,1MB+良好网络(1e-6)+中延时800ms+高速10.0Mbps
654,10000000,1e-05,500,5.0,10MB+较差网络(1e-5)+中延时500ms+中速5.0Mbps
655,10000000,8e-06,1000,1.0,10MB+较差偏上(8e-6)+高延时1000ms+极低速1.0Mbps
656,1000000,6e-06,200,1.0,1MB+中等偏下(6e-6)+低延时200ms+极低速1.0Mbps
657,5000000,1e-06,200,8.0,5MB+良好网络(1e-6)+低延时200ms+高速8.0Mbps
658,10000000,1e-05,800,1.0,10MB+较差网络(1e-5)+中延时800ms+极低速1.0Mbps
659,10000000,8e-06,200,8.0,10MB+较差偏上(8e-6)+低延时200ms+高速8.0Mbps
660,1000000,1e-05,2000,10.0,1MB+较差网络(1e-5)+超高延时2000ms+高速10.0Mbps
661,1000,1e-06,200,1.0,1KB+良好网络(1e-6)+低延时200ms+极低速1.0Mbps
662,10000000,4e-06,200,10.0,10MB+中等偏上(4e-6)+低延时200ms+高速10.0Mbps
663,50000000,5e-07,500,1.0,50MB+优良网络(5e-7)+中延时500ms+极低速1.0Mbps
664,1000,4e-06,200,2.0,1KB+中等偏上(4e-6)+低延时200ms+低速2.0Mbps
665,10000000,1e-06,2000,5.0,10MB+良好网络(1e-6)+超高延时2000ms+中速5.0Mbps
666,100000,6e-06,2000,1.0,100KB+中等偏下(6e-6)+超高延时2000ms+极低速1.0Mbps
667,5000000,1e-06,2000,1.0,5MB+良好网络(1e-6)+超高延时2000ms+极低速1.0Mbps
668,10000000,5e-07,1000,1.0,10MB+优良网络(5e-7)+高延时1000ms+极低速1.0Mbps
669,1000000,1e-05,1000,1.0,1MB+较差网络(1e-5)+高延时1000ms+极低速1.0Mbps
670,1000000,8e-06,200,3.0,1MB+较差偏上(8e-6)+低延时200ms+低速3.0Mbps
671,5000000,1e-05,500,8.0,5MB+较差网络(1e-5)+中延时500ms+高速8.0Mbps
672,1000000,6e-06,500,10.0,1MB+中等偏下(6e-6)+中延时500ms+高速10.0Mbps
673,100000000,6e-06,500,1.0,100MB+中等偏下(6e-6)+中延时500ms+极低速1.0Mbps
674,1000000,1e-05,1000,3.0,1MB+较差网络(1e-5)+高延时1000ms+低速3.0Mbps
675,1000,4e-06,500,8.0,1KB+中等偏上(4e-6)+中延时500ms+高速8.0Mbps
676,10000000,1e-05,200,1.0,10MB+较差网络(1e-5)+低延时200ms+极低速1.0Mbps
677,1000,1e-07,200,1.0,1KB+极佳网络(1e-7)+低延时200ms+极低速1.0Mbps
678,10000000,8e-06,2000,1.0,10MB+较差偏上(8e-6)+超高延时2000ms+极低速1.0Mbps
679,1000,1e-05,800,5.0,1KB+较差网络(1e-5)+中延时800ms+中速5.0Mbps
680,100000000,1e-06,1000,1.0,100MB+良好网络(1e-6)+高延时1000ms+极低速1.0Mbps
681,1000,4e-06,500,2.0,1KB+中等偏上(4e-6)+中延时500ms+低速2.0Mbps
682,1000,4e-06,200,1.0,1KB+中等偏上(4e-6)+低延时200ms+极低速1.0Mbps
683,10000000,1e-06,1000,2.0,10MB+良好网络(1e-6)+高延时1000ms+低速2.0Mbps
684,1000,1e-07,200,8.0,1KB+极佳网络(1e-7)+低延时200ms+高速8.0Mbps
685,10000000,1e-06,1000,1.0,10MB+良好网络(1e-6)+高延时1000ms+极低速1.0Mbps
686,50000000,5e-07,200,1.0,50MB+优良网络(5e-7)+低延时200ms+极低速1.0Mbps
687,1000,6e-06,800,8.0,1KB+中等偏下(6e-6)+中延时800ms+高速8.0Mbps
688,10000000,6e-06,2000,3.0,10MB+中等偏下(6e-6)+超高延时2000ms+低速3.0Mbps
689,10000000,5e-07,500,1.0,10MB+优良网络(5e-7)+中延时500ms+极低速1.0Mbps
690,1000000,5e-07,1000,8.0,1MB+优良网络(5e-7)+高延时1000ms+高速8.0Mbps
691,10000000,5e-07,200,3.0,10MB+优良网络(5e-7)+低延时200ms+低速3.0Mbps
692,10000000,1e-05,200,10.0,10MB+较差网络(1e-5)+低延时200ms+高速10.0Mbps
693,1000000,1e-06,500,1.0,1MB+良好网络(1e-6)+中延时500ms+极低速1.0Mbps
694,10000000,1e-06,200,8.0,10MB+良好网络(1e-6)+低延时200ms+高速8.0Mbps
695,100000,1e-06,500,2.0,100KB+良好网络(1e-6)+中延时500ms+低速2.0Mbps
696,50000000,1e-05,1000,5.0,50MB+较差网络(1e-5)+高延时1000ms+中速5.0Mbps
697,1000000,1e-07,200,5.0,1MB+极佳网络(1e-7)+低延时200ms+中速5.0Mbps
698,500000,1e-06,200,5.0,500KB+良好网络(1e-6)+低延时200ms+中速5.0Mbps
699,1000,1e-07,200,10.0,1KB+极佳网络(1e-7)+低延时200ms+高速10.0Mbps
700,1000,8e-06,500,2.0,1KB+较差偏上(8e-6)+中延时500ms+低速2.0Mbps
701,1000000,1e-05,200,1.0,1MB+较差网络(1e-5)+低延时200ms+极低速1.0Mbps
702,10000000,1e-06,1000,10.0,10MB+良好网络(1e-6)+高延时1000ms+高速10.0Mbps
703,50000000,1e-05,200,5.0,50MB+较差网络(1e-5)+低延时200ms+中速5.0Mbps
704,1000,6e-06,2000,10.0,1KB+中等偏下(6e-6)+超高延时2000ms+高速10.0Mbps
705,1000,1e-05,2000,3.0,1KB+较差网络(1e-5)+超高延时2000ms+低速3.0Mbps
706,10000000,4e-06,1000,10.0,10MB+中等偏上(4e-6)+高延时1000ms+高速10.0Mbps
707,1000,1e-07,500,8.0,1KB+极佳网络(1e-7)+中延时500ms+高速8.0Mbps
708,10000000,4e-06,2000,2.0,10MB+中等偏上(4e-6)+超高延时2000ms+低速2.0Mbps
709,10000000,8e-06,200,3.0,10MB+较差偏上(8e-6)+低延时200ms+低速3.0Mbps
710,1000000,1e-05,500,1.0,1MB+较差网络(1e-5)+中延时500ms+极低速1.0Mbps
711,10000000,1e-06,1200,1.0,10MB+良好网络(1e-6)+高延时1200ms+极低速1.0Mbps
712,500000,5e-07,500,1.0,500KB+优良网络(5e-7)+中延时500ms+极低速1.0Mbps
713,1000,1e-06,200,1.0,1KB+良好网络(1e-6)+低延时200ms+极低速1.0Mbps
714,1000,1e-05,1200,1.0,1KB+较差网络(1e-5)+高延时1200ms+极低速1.0Mbps
715,10000000,4e-06,1000,5.0,10MB+中等偏上(4e-6)+高延时1000ms+中速5.0Mbps
716,1000000,1e-06,500,3.0,1MB+良好网络(1e-6)+中延时500ms+低速3.0Mbps
717,1000,1e-06,4000,1.0,1KB+良好网络(1e-6)+超高延时4000ms+极低速1.0Mbps
718,500000,1e-06,1000,5.0,500KB+良好网络(1e-6)+高延时1000ms+中速5.0Mbps
719,100000,1e-05,500,5.0,100KB+较差网络(1e-5)+中延时500ms+中速5.0Mbps
720,1000,6e-06,200,10.0,1KB+中等偏下(6e-6)+低延时200ms+高速10.0Mbps
721,10000000,1e-06,500,10.0,10MB+良好网络(1e-6)+中延时500ms+高速10.0Mbps
722,1000000,5e-07,2000,1.0,1MB+优良网络(5e-7)+超高延时2000ms+极低速1.0Mbps
723,1000000,1e-07,2000,1.0,1MB+极佳网络(1e-7)+超高延时2000ms+极低速1.0Mbps
724,10000000,1e-07,200,2.0,10MB+极佳网络(1e-7)+低延时200ms+低速2.0Mbps
725,100000,1e-07,500,1.0,100KB+极佳网络(1e-7)+中延时500ms+极低速1.0Mbps
726,10000000,5e-07,200,5.0,10MB+优良网络(5e-7)+低延时200ms+中速5.0Mbps
727,1000000,1e-06,200,10.0,1MB+良好网络(1e-6)+低延时200ms+高速10.0Mbps
728,1000000,6e-06,500,2.0,1MB+中等偏下(6e-6)+中延时500ms+低速2.0Mbps
729,10000000,1e-05,3000,1.0,10MB+较差网络(1e-5)+超高延时3000ms+极低速1.0Mbps
730,1000000,5e-07,500,8.0,1MB+优良网络(5e-7)+中延时500ms+高速8.0Mbps
731,10000000,6e-06,500,1.0,10MB+中等偏下(6e-6)+中延时500ms+极低速1.0Mbps
732,1000000,1e-07,200,2.0,1MB+极佳网络(1e-7)+低延时200ms+低速2.0Mbps
733,1000000,1e-06,1000,2.0,1MB+良好网络(1e-6)+高延时1000ms+低速2.0Mbps
734,1000000,1e-06,200,3.0,1MB+良好网络(1e-6)+低延时200ms+低速3.0Mbps
735,10000000,4e-06,2000,1.0,10MB+中等偏上(4e-6)+超高延时2000ms+极低速1.0Mbps
736,1000000,4e-06,200,10.0,1MB+中等偏上(4e-6)+低延时200ms+高速10.0Mbps
737,1000,1e-06,500,10.0,1KB+良好网络(1e-6)+中延时500ms+高速10.0Mbps
738,1000000,5e-07,2000,2.0,1MB+优良网络(5e-7)+超高延时2000ms+低速2.0Mbps
739,50000000,6e-06,1000,1.0,50MB+中等偏下(6e-6)+高延时1000ms+极低速1.0Mbps
740,50000000,1e-06,2000,1.0,50MB+良好网络(1e-6)+超高延时2000ms+极低速1.0Mbps
741,1000,5e-07,500,1.0,1KB+优良网络(5e-7)+中延时500ms+极低速1.0Mbps
742,10000000,1e-07,500,5.0,10MB+极佳网络(1e-7)+中延时500ms+中速5.0Mbps
743,10000000,8e-06,200,10.0,10MB+较差偏上(8e-6)+低延时200ms+高速10.0Mbps
744,1000,1e-06,800,1.0,1KB+良好网络(1e-6)+中延时800ms+极低速1.0Mbps
745,1000,1e-06,500,2.0,1KB+良好网络(1e-6)+中延时500ms+低速2.0Mbps
746,50000000,6e-06,200,2.0,50MB+中等偏下(6e-6)+低延时200ms+低速2.0Mbps
747,1000000,5e-07,500,5.0,1MB+优良网络(5e-7)+中延时500ms+中速5.0Mbps
748,10000000,4e-06,500,1.0,10MB+中等偏上(4e-6)+中延时500ms+极低速1.0Mbps
749,1000,1e-06,200,8.0,1KB+良好网络(1e-6)+低延时200ms+高速8.0Mbps
750,50000000,1e-06,500,2.0,50MB+良好网络(1e-6)+中延时500ms+低速2.0Mbps
751,10000000,8e-06,500,2.0,10MB+较差偏上(8e-6)+中延时500ms+低速2.0Mbps
752,1000000,8e-06,500,3.0,1MB+较差偏上(8e-6)+中延时500ms+低速3.0Mbps
753,1000,1e-06,1000,5.0,1KB+良好网络(1e-6)+高延时1000ms+中速5.0Mbps
754,1000000,1e-06,1000,1.0,1MB+良好网络(1e-6)+高延时1000ms+极低速1.0Mbps
755,1000000,1e-05,3000,1.0,1MB+较差网络(1e-5)+超高延时3000ms+极低速1.0Mbps
756,1000,6e-06,500,0.5,1KB+中等偏下(6e-6)+中延时500ms+极低速0.5Mbps
757,10000000,6e-06,2000,8.0,10MB+中等偏下(6e-6)+超高延时2000ms+高速8.0Mbps
758,1000000,6e-06,800,5.0,1MB+中等偏下(6e-6)+中延时800ms+中速5.0Mbps
759,1000,6e-06,200,3.0,1KB+中等偏下(6e-6)+低延时200ms+低速3.0Mbps
760,500000,1e-05,1000,1.0,500KB+较差网络(1e-5)+高延时1000ms+极低速1.0Mbps
761,1000,8e-06,200,5.0,1KB+较差偏上(8e-6)+低延时200ms+中速5.0Mbps
762,1000000,6e-06,300,1.0,1MB+中等偏下(6e-6)+低延时300ms+极低速1.0Mbps
763,10000000,1e-06,1000,0.5,10MB+良好网络(1e-6)+高延时1000ms+极低速0.5Mbps
764,50000000,4e-06,1000,1.0,50MB+中等偏上(4e-6)+高延时1000ms+极低速1.0Mbps
765,1000,1e-06,300,1.0,1KB+良好网络(1e-6)+低延时300ms+极低速1.0Mbps
766,1000000,1e-05,500,3.0,1MB+较差网络(1e-5)+中延时500ms+低速3.0Mbps
767,10000000,1e-06,2000,1.0,10MB+良好网络(1e-6)+超高延时2000ms+极低速1.0Mbps
768,1000000,6e-06,1000,3.0,1MB+中等偏下(6e-6)+高延时1000ms+低速3.0Mbps
769,1000000,1e-06,2000,1.0,1MB+良好网络(1e-6)+超高延时2000ms+极低速1.0Mbps
770,1000,6e-06,500,8.0,1KB+中等偏下(6e-6)+中延时500ms+高速8.0Mbps
771,1000000,8e-06,500,10.0,1MB+较差偏上(8e-6)+中延时500ms+高速10.0Mbps
772,10000000,6e-06,2000,0.5,10MB+中等偏下(6e-6)+超高延时2000ms+极低速0.5Mbps
773,10000000,1e-06,200,1.0,10MB+良好网络(1e-6)+低延时200ms+极低速1.0Mbps
774,1000000,6e-06,3000,1.0,1MB+中等偏下(6e-6)+超高延时3000ms+极低速1.0Mbps
775,1000000,1e-06,500,1.0,1MB+良好网络(1e-6)+中延时500ms+极低速1.0Mbps
776,1000,5e-07,1000,5.0,1KB+优良网络(5e-7)+高延时1000ms+中速5.0Mbps
777,10000000,6e-06,200,3.0,10MB+中等偏下(6e-6)+低延时200ms+低速3.0Mbps
778,50000000,1e-06,200,8.0,50MB+良好网络(1e-6)+低延时200ms+高速8.0Mbps
779,100000,1e-07,200,1.0,100KB+极佳网络(1e-7)+低延时200ms+极低速1.0Mbps
780,1000,5e-07,2000,5.0,1KB+优良网络(5e-7)+超高延时2000ms+中速5.0Mbps
781,1000,6e-06,2000,5.0,1KB+中等偏下(6e-6)+超高延时2000ms+中速5.0Mbps
782,500000,1e-06,500,2.0,500KB+良好网络(1e-6)+中延时500ms+低速2.0Mbps
783,10000000,1e-07,1000,1.0,10MB+极佳网络(1e-7)+高延时1000ms+极低速1.0Mbps
784,1000,6e-06,1000,8.0,1KB+中等偏下(6e-6)+高延时1000ms+高速8.0Mbps
785,1000000,4e-06,500,3.0,1MB+中等偏上(4e-6)+中延时500ms+低速3.0Mbps
786,10000000,1e-05,500,3.0,10MB+较差网络(1e-5)+中延时500ms+低速3.0Mbps
787,1000,8e-06,2000,10.0,1KB+较差偏上(8e-6)+超高延时2000ms+高速10.0Mbps
788,5000000,4e-06,1000,1.0,5MB+中等偏上(4e-6)+高延时1000ms+极低速1.0Mbps
789,1000,6e-06,200,2.0,1KB+中等偏下(6e-6)+低延时200ms+低速2.0Mbps
790,5000000,1e-05,200,2.0,5MB+较差网络(1e-5)+低延时200ms+低速2.0Mbps
791,1000,8e-06,2000,3.0,1KB+较差偏上(8e-6)+超高延时2000ms+低速3.0Mbps
792,100000,1e-05,1000,5.0,100KB+较差网络(1e-5)+高延时1000ms+中速5.0Mbps
793,1000,1e-06,2000,10.0,1KB+良好网络(1e-6)+超高延时2000ms+高速10.0Mbps
794,1000,6e-06,2000,1.0,1KB+中等偏下(6e-6)+超高延时2000ms+极低速1.0Mbps
795,10000000,1e-05,1000,8.0,10MB+较差网络(1e-5)+高延时1000ms+高速8.0Mbps
796,5000000,8e-06,200,1.0,5MB+较差偏上(8e-6)+低延时200ms+极低速1.0Mbps
797,50000000,1e-06,500,8.0,50MB+良好网络(1e-6)+中延时500ms+高速8.0Mbps
798,1000,6e-06,1000,1.0,1KB+中等偏下(6e-6)+高延时1000ms+极低速1.0Mbps
799,10000000,1e-06,200,3.0,10MB+良好网络(1e-6)+低延时200ms+低速3.0Mbps
800,500000,6e-06,1000,1.0,500KB+中等偏下(6e-6)+高延时1000ms+极低速1.0Mbps
801,1000,6e-06,800,1.0,1KB+中等偏下(6e-6)+中延时800ms+极低速1.0Mbps
802,50000000,1e-06,1000,2.0,50MB+良好网络(1e-6)+高延时1000ms+低速2.0Mbps
803,10000000,1e-05,2000,8.0,10MB+较差网络(1e-5)+超高延时2000ms+高速8.0Mbps
804,1000000,1e-05,800,2.0,1MB+较差网络(1e-5)+中延时800ms+低速2.0Mbps
805,1000,1e-05,200,0.5,1KB+较差网络(1e-5)+低延时200ms+极低速0.5Mbps
806,500000,1e-05,500,2.0,500KB+较差网络(1e-5)+中延时500ms+低速2.0Mbps
807,100000,6e-06,1000,5.0,100KB+中等偏下(6e-6)+高延时1000ms+中速5.0Mbps
808,1000,5e-07,200,2.0,1KB+优良网络(5e-7)+低延时200ms+低速2.0Mbps
809,500000,1e-06,500,3.0,500KB+良好网络(1e-6)+中延时500ms+低速3.0Mbps
810,500000,1e-05,500,5.0,500KB+较差网络(1e-5)+中延时500ms+中速5.0Mbps
811,1000,8e-06,500,1.0,1KB+较差偏上(8e-6)+中延时500ms+极低速1.0Mbps
812,1000,1e-06,1500,1.0,1KB+良好网络(1e-6)+高延时1500ms+极低速1.0Mbps
813,1000000,1e-05,1000,10.0,1MB+较差网络(1e-5)+高延时1000ms+高速10.0Mbps
814,10000000,4e-06,1000,1.0,10MB+中等偏上(4e-6)+高延时1000ms+极低速1.0Mbps
815,10000,1e-06,500,1.0,10KB+良好网络(1e-6)+中延时500ms+极低速1.0Mbps
816,100000,5e-07,200,1.0,100KB+优良网络(5e-7)+低延时200ms+极低速1.0Mbps
817,1000000,4e-06,200,3.0,1MB+中等偏上(4e-6)+低延时200ms+低速3.0Mbps
818,1000,6e-06,2000,8.0,1KB+中等偏下(6e-6)+超高延时2000ms+高速8.0Mbps
819,10000000,1e-05,800,2.0,10MB+较差网络(1e-5)+中延时800ms+低速2.0Mbps
820,50000000,4e-06,500,1.0,50MB+中等偏上(4e-6)+中延时500ms+极低速1.0Mbps
821,10000000,6e-06,500,3.0,10MB+中等偏下(6e-6)+中延时500ms+低速3.0Mbps
822,1000,5e-07,200,10.0,1KB+优良网络(5e-7)+低延时200ms+高速10.0Mbps
823,1000000,6e-06,1200,1.0,1MB+中等偏下(6e-6)+高延时1200ms+极低速1.0Mbps
824,1000000,1e-06,2000,5.0,1MB+良好网络(1e-6)+超高延时2000ms+中速5.0Mbps
825,500000,1e-06,200,8.0,500KB+良好网络(1e-6)+低延时200ms+高速8.0Mbps
826,10000000,1e-05,800,5.0,10MB+较差网络(1e-5)+中延时800ms+中速5.0Mbps
827,500000,1e-05,200,2.0,500KB+较差网络(1e-5)+低延时200ms+低速2.0Mbps
828,1000,6e-06,500,10.0,1KB+中等偏下(6e-6)+中延时500ms+高速10.0Mbps
829,1000,1e-06,1000,1.0,1KB+良好网络(1e-6)+高延时1000ms+极低速1.0Mbps
830,10000000,1e-07,500,1.0,10MB+极佳网络(1e-7)+中延时500ms+极低速1.0Mbps
831,1000,1e-06,2000,8.0,1KB+良好网络(1e-6)+超高延时2000ms+高速8.0Mbps
832,1000,1e-05,1000,1.0,1KB+较差网络(1e-5)+高延时1000ms+极低速1.0Mbps
833,5000000,1e-05,2000,2.0,5MB+较差网络(1e-5)+超高延时2000ms+低速2.0Mbps
834,50000000,1e-06,200,3.0,50MB+良好网络(1e-6)+低延时200ms+低速3.0Mbps
835,10000000,1e-06,800,1.0,10MB+良好网络(1e-6)+中延时800ms+极低速1.0Mbps
836,1000000,1e-07,500,1.0,1MB+极佳网络(1e-7)+中延时500ms+极低速1.0Mbps
837,10000000,1e-05,2000,0.5,10MB+较差网络(1e-5)+超高延时2000ms+极低速0.5Mbps
838,1000000,1e-05,1500,1.0,1MB+较差网络(1e-5)+高延时1500ms+极低速1.0Mbps
839,5000000,1e-05,1000,1.0,5MB+较差网络(1e-5)+高延时1000ms+极低速1.0Mbps
840,10000000,6e-06,500,1.0,10MB+中等偏下(6e-6)+中延时500ms+极低速1.0Mbps
841,1000000,8e-06,500,2.0,1MB+较差偏上(8e-6)+中延时500ms+低速2.0Mbps
842,500000,6e-06,1000,2.0,500KB+中等偏下(6e-6)+高延时1000ms+低速2.0Mbps
843,1000000,4e-06,200,1.0,1MB+中等偏上(4e-6)+低延时200ms+极低速1.0Mbps
844,10000000,6e-06,1000,5.0,10MB+中等偏下(6e-6)+高延时1000ms+中速5.0Mbps
845,500000,1e-06,2000,1.0,500KB+良好网络(1e-6)+超高延时2000ms+极低速1.0Mbps
846,1000000,1e-06,2000,2.0,1MB+良好网络(1e-6)+超高延时2000ms+低速2.0Mbps
847,1000000,1e-05,2000,8.0,1MB+较差网络(1e-5)+超高延时2000ms+高速8.0Mbps
848,1000000,4e-06,500,10.0,1MB+中等偏上(4e-6)+中延时500ms+高速10.0Mbps
849,10000000,6e-06,200,0.5,10MB+中等偏下(6e-6)+低延时200ms+极低速0.5Mbps
850,10000000,1e-06,800,10.0,10MB+良好网络(1e-6)+中延时800ms+高速10.0Mbps
851,10000,6e-06,200,1.0,10KB+中等偏下(6e-6)+低延时200ms+极低速1.0Mbps
852,1000,1e-05,2000,2.0,1KB+较差网络(1e-5)+超高延时2000ms+低速2.0Mbps
853,1000,4e-06,2000,2.0,1KB+中等偏上(4e-6)+超高延时2000ms+低速2.0Mbps
854,10000000,6e-06,800,5.0,10MB+中等偏下(6e-6)+中延时800ms+中速5.0Mbps
855,1000000,1e-05,800,3.0,1MB+较差网络(1e-5)+中延时800ms+低速3.0Mbps
856,50000000,1e-06,200,5.0,50MB+良好网络(1e-6)+低延时200ms+中速5.0Mbps
857,1000000,1e-05,200,0.5,1MB+较差网络(1e-5)+低延时200ms+极低速0.5Mbps
858,100000,1e-05,200,2.0,100KB+较差网络(1e-5)+低延时200ms+低速2.0Mbps
859,10000000,8e-06,500,8.0,10MB+较差偏上(8e-6)+中延时500ms+高速8.0Mbps
860,5000000,6e-06,500,2.0,5MB+中等偏下(6e-6)+中延时500ms+低速2.0Mbps
861,10000000,6e-06,5000,1.0,10MB+中等偏下(6e-6)+超高延时5000ms+极低速1.0Mbps
862,1000000,1e-06,200,2.0,1MB+良好网络(1e-6)+低延时200ms+低速2.0Mbps
863,1000000,1e-06,2000,1.0,1MB+良好网络(1e-6)+超高延时2000ms+极低速1.0Mbps
864,1000,6e-06,800,10.0,1KB+中等偏下(6e-6)+中延时800ms+高速10.0Mbps
865,1000000,1e-06,2000,10.0,1MB+良好网络(1e-6)+超高延时2000ms+高速10.0Mbps
866,5000000,1e-05,500,1.0,5MB+较差网络(1e-5)+中延时500ms+极低速1.0Mbps
867,500000,1e-06,500,1.0,500KB+良好网络(1e-6)+中延时500ms+极低速1.0Mbps
868,10000,1e-05,500,1.0,10KB+较差网络(1e-5)+中延时500ms+极低速1.0Mbps
869,10000000,1e-05,2000,1.0,10MB+较差网络(1e-5)+超高延时2000ms+极低速1.0Mbps
870,1000000,1e-06,2000,1.0,1MB+良好网络(1e-6)+超高延时2000ms+极低速1.0Mbps
871,1000000,6e-06,2000,10.0,1MB+中等偏下(6e-6)+超高延时2000ms+高速10.0Mbps
872,1000,1e-06,200,2.0,1KB+良好网络(1e-6)+低延时200ms+低速2.0Mbps
873,1000000,6e-06,1000,10.0,1MB+中等偏下(6e-6)+高延时1000ms+高速10.0Mbps
874,1000,5e-07,500,2.0,1KB+优良网络(5e-7)+中延时500ms+低速2.0Mbps
875,5000000,6e-06,500,5.0,5MB+中等偏下(6e-6)+中延时500ms+中速5.0Mbps
876,1000,1e-06,1000,3.0,1KB+良好网络(1e-6)+高延时1000ms+低速3.0Mbps
877,1000,6e-06,500,1.0,1KB+中等偏下(6e-6)+中延时500ms+极低速1.0Mbps
878,1000,1e-05,500,8.0,1KB+较差网络(1e-5)+中延时500ms+高速8.0Mbps
879,1000,1e-05,5000,1.0,1KB+较差网络(1e-5)+超高延时5000ms+极低速1.0Mbps
880,1000000,6e-06,500,0.5,1MB+中等偏下(6e-6)+中延时500ms+极低速0.5Mbps
881,10000000,1e-06,1000,1.0,10MB+良好网络(1e-6)+高延时1000ms+极低速1.0Mbps
882,1000000,1e-07,2000,2.0,1MB+极佳网络(1e-7)+超高延时2000ms+低速2.0Mbps
883,1000000,1e-05,2000,5.0,1MB+较差网络(1e-5)+超高延时2000ms+中速5.0Mbps
884,10000000,1e-05,1000,2.0,10MB+较差网络(1e-5)+高延时1000ms+低速2.0Mbps
885,5000000,1e-06,500,10.0,5MB+良好网络(1e-6)+中延时500ms+高速10.0Mbps
886,10000000,6e-06,1000,0.5,10MB+中等偏下(6e-6)+高延时1000ms+极低速0.5Mbps
887,1000,1e-06,2000,1.0,1KB+良好网络(1e-6)+超高延时2000ms+极低速1.0Mbps
888,10000000,4e-06,500,3.0,10MB+中等偏上(4e-6)+中延时500ms+低速3.0Mbps
889,5000000,1e-05,500,10.0,5MB+较差网络(1e-5)+中延时500ms+高速10.0Mbps
890,1000000,1e-06,500,1.0,1MB+良好网络(1e-6)+中延时500ms+极低速1.0Mbps
891,10000000,1e-05,500,10.0,10MB+较差网络(1e-5)+中延时500ms+高速10.0Mbps
892,10000000,6e-06,1000,10.0,10MB+中等偏下(6e-6)+高延时1000ms+高速10.0Mbps
893,10000000,8e-06,500,1.0,10MB+较差偏上(8e-6)+中延时500ms+极低速1.0Mbps
894,5000000,8e-06,2000,1.0,5MB+较差偏上(8e-6)+超高延时2000ms+极低速1.0Mbps
895,10000000,6e-06,500,1.0,10MB+中等偏下(6e-6)+中延时500ms+极低速1.0Mbps
896,1000,1e-07,800,1.0,1KB+极佳网络(1e-7)+中延时800ms+极低速1.0Mbps
897,10000000,1e-05,1000,10.0,10MB+较差网络(1e-5)+高延时1000ms+高速10.0Mbps
898,100000,1e-05,1000,2.0,100KB+较差网络(1e-5)+高延时1000ms+低速2.0Mbps
899,1000000,8e-06,200,5.0,1MB+较差偏上(8e-6)+低延时200ms+中速5.0Mbps
900,10000000,6e-06,1000,1.0,10MB+中等偏下(6e-6)+高延时1000ms+极低速1.0Mbps
901,1000,1e-05,500,1.0,1KB+较差网络(1e-5)+中延时500ms+极低速1.0Mbps
902,5000000,1e-05,200,3.0,5MB+较差网络(1e-5)+低延时200ms+低速3.0Mbps
903,1000000,1e-05,500,1.0,1MB+较差网络(1e-5)+中延时500ms+极低速1.0Mbps
904,10000000,1e-06,500,1.0,10MB+良好网络(1e-6)+中延时500ms+极低速1.0Mbps
905,1000,8e-06,2000,1.0,1KB+较差偏上(8e-6)+超高延时2000ms+极低速1.0Mbps
906,5000000,6e-06,500,10.0,5MB+中等偏下(6e-6)+中延时500ms+高速10.0Mbps
907,10000000,1e-05,2000,10.0,10MB+较差网络(1e-5)+超高延时2000ms+高速10.0Mbps
908,10000000,4e-06,1000,8.0,10MB+中等偏上(4e-6)+高延时1000ms+高速8.0Mbps
909,1000000,8e-06,800,1.0,1MB+较差偏上(8e-6)+中延时800ms+极低速1.0Mbps
910,10000000,1e-06,3000,1.0,10MB+良好网络(1e-6)+超高延时3000ms+极低速1.0Mbps
911,5000000,1e-05,500,5.0,5MB+较差网络(1e-5)+中延时500ms+中速5.0Mbps
912,1000000,8e-06,500,1.0,1MB+较差偏上(8e-6)+中延时500ms+极低速1.0Mbps
913,1000000,1e-07,800,1.0,1MB+极佳网络(1e-7)+中延时800ms+极低速1.0Mbps
914,1000,8e-06,2000,8.0,1KB+较差偏上(8e-6)+超高延时2000ms+高速8.0Mbps
915,1000,1e-06,800,8.0,1KB+良好网络(1e-6)+中延时800ms+高速8.0Mbps
916,500000,6e-06,200,2.0,500KB+中等偏下(6e-6)+低延时200ms+低速2.0Mbps
917,10000000,1e-06,800,8.0,10MB+良好网络(1e-6)+中延时800ms+高速8.0Mbps
918,1000,6e-06,200,1.0,1KB+中等偏下(6e-6)+低延时200ms+极低速1.0Mbps
919,10000000,6e-06,300,1.0,10MB+中等偏下(6e-6)+低延时300ms+极低速1.0Mbps
920,5000000,1e-06,1000,5.0,5MB+良好网络(1e-6)+高延时1000ms+中速5.0Mbps
921,1000,4e-06,1000,5.0,1KB+中等偏上(4e-6)+高延时1000ms+中速5.0Mbps
922,1000,4e-06,1000,8.0,1KB+中等偏上(4e-6)+高延时1000ms+高速8.0Mbps
923,1000000,6e-06,500,1.0,1MB+中等偏下(6e-6)+中延时500ms+极低速1.0Mbps
924,1000,1e-06,500,5.0,1KB+良好网络(1e-6)+中延时500ms+中速5.0Mbps
925,1000,1e-06,500,1.0,1KB+良好网络(1e-6)+中延时500ms+极低速1.0Mbps
926,1000,6e-06,800,5.0,1KB+中等偏下(6e-6)+中延时800ms+中速5.0Mbps
927,1000000,1e-05,800,1.0,1MB+较差网络(1e-5)+中延时800ms+极低速1.0Mbps
928,1000,1e-05,200,1.0,1KB+较差网络(1e-5)+低延时200ms+极低速1.0Mbps
929,5000000,4e-06,500,1.0,5MB+中等偏上(4e-6)+中延时500ms+极低速1.0Mbps
930,1000000,8e-06,1000,2.0,1MB+较差偏上(8e-6)+高延时1000ms+低速2.0Mbps
931,100000,1e-05,200,1.0,100KB+较差网络(1e-5)+低延时200ms+极低速1.0Mbps
932,10000000,1e-07,500,8.0,10MB+极佳网络(1e-7)+中延时500ms+高速8.0Mbps
933,5000000,6e-06,500,8.0,5MB+中等偏下(6e-6)+中延时500ms+高速8.0Mbps
934,1000000,6e-06,1000,0.5,1MB+中等偏下(6e-6)+高延时1000ms+极低速0.5Mbps
935,10000000,4e-06,1000,3.0,10MB+中等偏上(4e-6)+高延时1000ms+低速3.0Mbps
936,1000,1e-06,800,2.0,1KB+良好网络(1e-6)+中延时800ms+低速2.0Mbps
937,10000,1e-05,2000,1.0,10KB+较差网络(1e-5)+超高延时2000ms+极低速1.0Mbps
938,1000000,5e-07,200,8.0,1MB+优良网络(5e-7)+低延时200ms+高速8.0Mbps
939,50000000,8e-06,1000,1.0,50MB+较差偏上(8e-6)+高延时1000ms+极低速1.0Mbps
940,1000,1e-06,500,1.0,1KB+良好网络(1e-6)+中延时500ms+极低速1.0Mbps
941,10000000,6e-06,200,1.0,10MB+中等偏下(6e-6)+低延时200ms+极低速1.0Mbps
942,1000,1e-06,2000,1.0,1KB+良好网络(1e-6)+超高延时2000ms+极低速1.0Mbps
943,1000,1e-06,2000,1.0,1KB+良好网络(1e-6)+超高延时2000ms+极低速1.0Mbps
944,500000,8e-06,1000,1.0,500KB+较差偏上(8e-6)+高延时1000ms+极低速1.0Mbps
945,1000000,1e-05,800,10.0,1MB+较差网络(1e-5)+中延时800ms+高速10.0Mbps
946,1000,6e-06,500,1.0,1KB+中等偏下(6e-6)+中延时500ms+极低速1.0Mbps
947,1000000,8e-06,1000,10.0,1MB+较差偏上(8e-6)+高延时1000ms+高速10.0Mbps
948,10000000,5e-07,2000,1.0,10MB+优良网络(5e-7)+超高延时2000ms+极低速1.0Mbps
949,1000000,1e-07,1000,8.0,1MB+极佳网络(1e-7)+高延时1000ms+高速8.0Mbps
950,50000000,1e-06,500,10.0,50MB+良好网络(1e-6)+中延时500ms+高速10.0Mbps
